Workbook

Sheet パッチ一覧（SB実施確認）
B1: 適用対象 | C1: 項目 | D1: 内容 | E1: 適用基準 | F1: 適用方法 | G1: 適用頻度 | H1: 実施者 | I1: 確認者 | K1: 45931 | L1: 45962 | M1: 45992 | N1: 46023 | O1: 46054 | P1: 46082 | Q1: 46113 | R1: 46143 | S1: 46174 | T1: 46204 | U1: 46235 | V1: 46266 | W1: 46296 | X1: 46327 | Y1: 46357 | Z1: 46388 | AA1: 46419 | AB1: 46447
A2: 1 | B2: パッチマネージャー | C2: EC2インスタンスのパッチ管理 | D2: Amazon Linux に最新のパッチを適用します。 | E2: CVSS 7.0以上の脆弱性またはベンダー推奨のアップデート（9.0以上は即適用） | F2: パッチはパッチマネージャーによって自動的に適用されます | G2: 週次＋自動適用 | H2: CODIUM | I2: エスブランド
A3: 2 | B3: アプリケーションフレームワーク | C3: Django / Angular / Swift | D3: AWS Inspector で脆弱性情報を確認する | E3: CVEスコア7.0以上または公式緊急パッチ（9.0以上は即適用） | F3: コードベース内のフレームワークのバージョンと依存ライブラリを更新する | G3: 月次+必要に応じて | H3: CODIUM | I3: エスブランド
A4: 3 | B4: アプリケーションフレームワーク | C4: Angular | D4: npm auditを使用して脆弱性情報を確認する | E4: CVEスコア7.0以上または公式緊急パッチ（9.0以上は即適用） | F4: コードベース内のフレームワークのバージョンと依存ライブラリを更新する | G4: 月次+必要に応じて | H4: CODIUM | I4: エスブランド
A5: 4 | B5: アプリケーションフレームワーク | C5: Swift | D5: Pod outdated を使用して最新の依存関係にパッチを適用する | E5: CVEスコア7.0以上または公式緊急パッチ（9.0以上は即適用） | F5: コードベース内のフレームワークのバージョンと依存ライブラリを更新する | G5: 月次+必要に応じて | H5: CODIUM | I5: エスブランド
A6: 5 | B6: RDS | C6: マイナーとメジャーの更新 | D6: RDSインスタンスの更新を適用する | E6: パッチ適用表にCVSS 7.0 以上は認知してから1か月以内に適用する（9.0以上は即適用） | F6: RDSメンテナンススケジュールによって自動的に | G6: 週次＋新しいアップデートがリリースされたとき | H6: CODIUM | I6: エスブランド
A7: 6 | B7: AWS インスペクター | C7: コンテナイメージ | D7: ECS コンテナイメージの脆弱性一覧 | E7: パッチ適用表にCVSS 7.0 以上は認知してから1か月以内に適用する（9.0以上は即適用） | F7: 影響を受けるライブラリとリソースを手動でアップグレードします | G7: 週次+ 緊急 | H7: CODIUM | I7: エスブランド
A8: 7 | B8: AWS インスペクター | C8: EC2インスタンス | D8: EC2インスタンスの脆弱性一覧 | E8: パッチ適用表にCVSS 7.0 以上は認知してから1か月以内に適用する（9.0以上は即適用） | F8: パッチマネージャーによってパッチが適用 | G8: 週次＋自動適用 | H8: CODIUM | I8: エスブランド
A9: 8 | B9: AWS 脆弱性情報収集 | C9: 情報収集 | D9: AWS セキュリティ速報 | E9: 新しい脆弱性情報が公開された場合 | F9: 公式サイト/RSS購読 | G9: 週次 | H9: CODIUM | I9: エスブランド
A10: 9 | B10: 暗号化キー | C10: シークレットマネージャー | D10: 個人情報のデータ暗号化キー | E10: 定期変更 | F10: 暗号化キーの変更 | G10: 年次 | H10: CODIUM | I10: エスブランド
A11: 10 | B11: GitLab（開発環境） | C11: アプリケーションの更新 | D11: GitLabのメインバージョンアップと脆弱性パッチ適用 | E11: GitLabのセキュリティアドバイザリが「重大/高」と評価されて公開された場合 | F11: パッチ管理ポリシー ドキュメントを参照してください。 | G11: 月次+必要に応じて | H11: CODIUM | I11: エスブランド
A12: 11 | B12: クラウドフレア | C12: WAF/ファイアウォールルールの更新 | D12: 最新の脅威情報に基づいてルールを更新し、その適用性を確認する | E12: 新しい脅威検出ルールが公開されたとき | F12: 開発環境（検証アカウント）でテストを適用後、本番アカウントでルールを更新し、動作を確認します。 | G12: 月次＋緊急 | H12: CODIUM | I12: エスブランド
A13: 12 | B13: クラウドフレア | C13: TLS/証明書の更新 | D13: 証明書の有効期限管理と更新 | E13: 有効期限の60日前 | F13: 自動更新証明書 | G13: 年次 + 有効期限前 | H13: CODIUM | I13: エスブランド
... A20: 19 | B20: iPad（検証用） | C20: MDMソフトウェアアップデート | D20: iPadにインストールされたMDM管理アプリ | E20: MDMベンダーから重要なアップデートが通知された場合、またはCVSSスコア7.0以上の脆弱性が報告された場合 | F20: MDM管理ポータルで検証デバイスに適用後、本番デバイスグループに配布し、配布が完了していることを確認する | G20: 月次 | H20: CODIUM | I20: エスブランド
B23: AWS セキュリティ情報と AWS RDS 更新ページ
B24: https://aws.amazon.com/security/security-bulletins/?ams%23interactive-card-vertical%23pattern-data--459835016.filter=%257B%2522search%2522%253A%2522rds%2522%252C%2522filters%2522%253A%255B%255D%257D
B25: https://docs.aws.amazon.com/AmazonRDS/latest/PostgreSQLReleaseNotes/postgresql-versions.html#postgresql-versions-version169R1

Sheet 実施日管理P（週）
F1: 2025年 | R1: 2026年 | BN1: 2027年
F2: 10月 | J2: 11月 | N2: 12月 | R2: 1月 | V2: 2月 | Z2: 3月 | AD2: 4月 | AH2: 5月 | AL2: 6月 | AP2: 7月 | AT2: 8月 | AX2: 9 月 | BB2: 10月 | BF2: 11月 | BJ2: 12月 | BN2: 1月 | BR2: 2月 | BV2: 3月
B3: 適用対象 | C3: 項目 | D3: 適用頻度 | F3: 1W | G3: 2W | H3: 3W | I3: 4W | J3: 1W | K3: 2W | L3: 3W | M3: 4W | N3: 1W | O3: 2W | P3: 3W | Q3: 4W | R3: 1W | S3: 2W | T3: 3W | U3: 4W | V3: 1W | W3: 2W | X3: 3W | Y3: 4W | Z3: 1W | AA3: 2W | AB3: 3W | AC3: 4W | AD3: 1W | AE3: 2W | AF3: 3W | AG3: 4W | AH3: 1W | AI3: 2W | AJ3: 3W | AK3: 4W | AL3: 1W | AM3: 2W | AN3: 3W | AO3: 4W | AP3: 1W | AQ3: 2W | AR3: 3W | AS3: 4W | AT3: 1W | AU3: 2W | AV3: 3W | AW3: 4W | AX3: 1W | AY3: 2W | AZ3: 3W | BA3: 4W | BB3: 1W | BC3: 2W | BD3: 3W | BE3: 4W | BF3: 1W | BG3: 2W | BH3: 3W | BI3: 4W | BJ3: 1W | BK3: 2W | BL3: 3W | BM3: 4W | BN3: 1W | BO3: 2W | BP3: 3W | BQ3: 4W | BR3: 1W | BS3: 2W | BT3: 3W | BU3: 4W | BV3: 1W | BW3: 2W | BX3: 3W | BY3: 4W
A4: 1 | B4: パッチマネージャー | C4: EC2インスタンスのパッチ管理 | D4: 週次+自動適用 | F4: {=INDEX('1'!$A:$A, 12 + COLUMN(F1)-COLUMN($F$1))} | G4: {=INDEX('1'!$A:$A, 12 + COLUMN(G1)-COLUMN($F$1))} | H4: {=INDEX('1'!$A:$A, 12 + COLUMN(H1)-COLUMN($F$1))} | I4: {=INDEX('1'!$A:$A, 12 + COLUMN(I1)-COLUMN($F$1))} | J4: {=INDEX('1'!$A:$A, 12 + COLUMN(J1)-COLUMN($F$1))} | K4: {=INDEX('1'!$A:$A, 12 + COLUMN(K1)-COLUMN($F$1))} | L4: {=INDEX('1'!$A:$A, 12 + COLUMN(L1)-COLUMN($F$1))} | M4: {=INDEX('1'!$A:$A, 12 + COLUMN(M1)-COLUMN($F$1))} | ... BY4: {=INDEX('1'!$A:$A, 12 + COLUMN(BY1)-COLUMN($F$1))}
A5: 5 | B5: RDS | C5: マイナーとメジャーの更新 | D5: 週次＋新しいアップデートがリリースされたとき | F5: {=INDEX('8'!$A:$A, 12 + COLUMN(C3)-COLUMN($B$1))} | G5: {=INDEX('8'!$A:$A, 12 + COLUMN(D3)-COLUMN($B$1))} | H5: {=INDEX('8'!$A:$A, 12 + COLUMN(E2)-COLUMN($B$1))} | I5: {=INDEX('8'!$A:$A, 12 + COLUMN(F2)-COLUMN($B$1))} | J5: {=INDEX('8'!$A:$A, 12 + COLUMN(G2)-COLUMN($B$1))} | K5: {=INDEX('8'!$A:$A, 12 + COLUMN(H2)-COLUMN($B$1))} | L5: {=INDEX('8'!$A:$A, 12 + COLUMN(I2)-COLUMN($B$1))} | M5: {=INDEX('8'!$A:$A, 12 + COLUMN(J2)-COLUMN($B$1))} | N5: {=INDEX('8'!$A:$A, 12 + COLUMN(K2)-COLUMN($B$1))} | O5: {=INDEX('8'!$A:$A, 12 + COLUMN(L2)-COLUMN($B$1))} | ... BY5: {=INDEX('8'!$A:$A, 12 + COLUMN(BV2)-COLUMN($B$1))}
A6: 6 | B6: AWS インスペクター | C6: コンテナイメージ | D6: 週次+緊急 | F6: {=INDEX('11'!$A:$A, 12 + COLUMN(C4)-COLUMN($B$1))} | G6: {=INDEX('11'!$A:$A, 12 + COLUMN(D4)-COLUMN($B$1))} | H6: {=INDEX('11'!$A:$A, 12 + COLUMN(E3)-COLUMN($B$1))} | I6: {=INDEX('11'!$A:$A, 12 + COLUMN(F3)-COLUMN($B$1))} | J6: {=INDEX('11'!$A:$A, 12 + COLUMN(G3)-COLUMN($B$1))} | K6: {=INDEX('11'!$A:$A, 12 + COLUMN(H3)-COLUMN($B$1))} | L6: {=INDEX('11'!$A:$A, 12 + COLUMN(I3)-COLUMN($B$1))} | M6: {=INDEX('11'!$A:$A, 12 + COLUMN(J3)-COLUMN($B$1))} | N6: {=INDEX('11'!$A:$A, 12 + COLUMN(K3)-COLUMN($B$1))} | O6: {=INDEX('11'!$A:$A, 12 + COLUMN(L3)-COLUMN($B$1))} | ... BY6: {=INDEX('11'!$A:$A, 12 + COLUMN(BV3)-COLUMN($B$1))}
A7: 7 | B7: AWS インスペクター | C7: EC2インスタンス | D7: 週次＋自動適用 | F7: {=INDEX('12'!$A:$A, 12 + COLUMN(C5)-COLUMN($B$1))} | G7: {=INDEX('12'!$A:$A, 12 + COLUMN(D5)-COLUMN($B$1))} | H7: {=INDEX('12'!$A:$A, 12 + COLUMN(E4)-COLUMN($B$1))} | I7: {=INDEX('12'!$A:$A, 12 + COLUMN(F4)-COLUMN($B$1))} | J7: {=INDEX('12'!$A:$A, 12 + COLUMN(G4)-COLUMN($B$1))} | K7: {=INDEX('12'!$A:$A, 12 + COLUMN(H4)-COLUMN($B$1))} | L7: {=INDEX('12'!$A:$A, 12 + COLUMN(I4)-COLUMN($B$1))} | M7: {=INDEX('12'!$A:$A, 12 + COLUMN(J4)-COLUMN($B$1))} | N7: {=INDEX('12'!$A:$A, 12 + COLUMN(K4)-COLUMN($B$1))} | O7: {=INDEX('12'!$A:$A, 12 + COLUMN(L4)-COLUMN($B$1))} | ... BY7: {=INDEX('12'!$A:$A, 12 + COLUMN(BV4)-COLUMN($B$1))}
A8: 8 | B8: AWS 脆弱性情報収集 | C8: 情報収集 | D8: 週次

Sheet 実施日管理P（月）
E1: 2025年 | H1: 2026年 | T1: 2027年
B2: 適用対象 | C2: 項目 | D2: 適用頻度 | E2: 10月 | F2: 11月 | G2: 12月 | H2: 1月 | I2: 2月 | J2: 3月 | K2: 4月 | L2: 5月 | M2: 6月 | N2: 7月 | O2: 8月 | P2: 9 月 | Q2: 10月 | R2: 11月 | S2: 12月 | T2: 1月 | U2: 2月 | V2: 3月
A3: 2 | B3: アプリケーションフレームワーク | C3: Django / Angular / Swift | D3: 月次+必要に応じて | E3: {=INDEX('2'!$A:$A, 12 + COLUMN(E2)-COLUMN($E$1))} | F3: {=INDEX('2'!$A:$A, 12 + COLUMN(F2)-COLUMN($E$1))} | G3: {=INDEX('2'!$A:$A, 12 + COLUMN(G2)-COLUMN($E$1))} | H3: {=INDEX('2'!$A:$A, 12 + COLUMN(H2)-COLUMN($E$1))} | I3: {=INDEX('2'!$A:$A, 12 + COLUMN(I2)-COLUMN($E$1))} | J3: {=INDEX('2'!$A:$A, 12 + COLUMN(J2)-COLUMN($E$1))} | K3: {=INDEX('2'!$A:$A, 12 + COLUMN(K2)-COLUMN($E$1))} | L3: {=INDEX('2'!$A:$A, 12 + COLUMN(L2)-COLUMN($E$1))} | ... V3: {=INDEX('2'!$A:$A, 12 + COLUMN(V2)-COLUMN($E$1))}
A4: 3 | B4: アプリケーションフレームワーク | C4: Angular | D4: 月次+必要に応じて | E4: {=INDEX('3'!$A:$A, 12 + COLUMN(E3)-COLUMN($E$1))} | F4: {=INDEX('3'!$A:$A, 12 + COLUMN(F3)-COLUMN($E$1))} | G4: {=INDEX('3'!$A:$A, 12 + COLUMN(G3)-COLUMN($E$1))} | H4: {=INDEX('3'!$A:$A, 12 + COLUMN(H3)-COLUMN($E$1))} | I4: {=INDEX('3'!$A:$A, 12 + COLUMN(I3)-COLUMN($E$1))} | J4: {=INDEX('3'!$A:$A, 12 + COLUMN(J3)-COLUMN($E$1))} | K4: {=INDEX('3'!$A:$A, 12 + COLUMN(K3)-COLUMN($E$1))} | L4: {=INDEX('3'!$A:$A, 12 + COLUMN(L3)-COLUMN($E$1))} | ... V4: {=INDEX('3'!$A:$A, 12 + COLUMN(V3)-COLUMN($E$1))}
A5: 4 | B5: アプリケーションフレームワーク | C5: Swift | D5: 月次+必要に応じて | E5: {=INDEX('4'!$A:$A, 12 + COLUMN(E4)-COLUMN($E$1))} | F5: {=INDEX('4'!$A:$A, 12 + COLUMN(F4)-COLUMN($E$1))} | G5: {=INDEX('4'!$A:$A, 12 + COLUMN(G4)-COLUMN($E$1))} | H5: {=INDEX('4'!$A:$A, 12 + COLUMN(H4)-COLUMN($E$1))} | I5: {=INDEX('4'!$A:$A, 12 + COLUMN(I4)-COLUMN($E$1))} | J5: {=INDEX('4'!$A:$A, 12 + COLUMN(J4)-COLUMN($E$1))} | K5: {=INDEX('4'!$A:$A, 12 + COLUMN(K4)-COLUMN($E$1))} | L5: {=INDEX('4'!$A:$A, 12 + COLUMN(L4)-COLUMN($E$1))} | ... V5: {=INDEX('4'!$A:$A, 12 + COLUMN(V4)-COLUMN($E$1))}
A6: 10 | B6: GitLab（開発環境） | C6: アプリケーションの更新 | D6: 月次+必要に応じて | E6: {=INDEX('10'!$A:$A, 12 + COLUMN(E5)-COLUMN($E$1))} | F6: {=INDEX('10'!$A:$A, 12 + COLUMN(F5)-COLUMN($E$1))} | G6: {=INDEX('10'!$A:$A, 12 + COLUMN(G5)-COLUMN($E$1))} | H6: {=INDEX('10'!$A:$A, 12 + COLUMN(H5)-COLUMN($E$1))} | I6: {=INDEX('10'!$A:$A, 12 + COLUMN(I5)-COLUMN($E$1))} | J6: {=INDEX('10'!$A:$A, 12 + COLUMN(J5)-COLUMN($E$1))} | K6: {=INDEX('10'!$A:$A, 12 + COLUMN(K5)-COLUMN($E$1))} | L6: {=INDEX('10'!$A:$A, 12 + COLUMN(L5)-COLUMN($E$1))} | ... V6: {=INDEX('10'!$A:$A, 12 + COLUMN(V5)-COLUMN($E$1))}
A7: 11 | B7: クラウドフレア | C7: WAF/ファイアウォールルールの更新 | D7: 月次＋緊急 | E7: {=INDEX('11'!$A:$A, 12 + COLUMN(E6)-COLUMN($E$1))} | F7: {=INDEX('11'!$A:$A, 12 + COLUMN(F6)-COLUMN($E$1))} | G7: {=INDEX('11'!$A:$A, 12 + COLUMN(G6)-COLUMN($E$1))} | H7: {=INDEX('11'!$A:$A, 12 + COLUMN(H6)-COLUMN($E$1))} | I7: {=INDEX('11'!$A:$A, 12 + COLUMN(I6)-COLUMN($E$1))} | J7: {=INDEX('11'!$A:$A, 12 + COLUMN(J6)-COLUMN($E$1))} | K7: {=INDEX('11'!$A:$A, 12 + COLUMN(K6)-COLUMN($E$1))} | L7: {=INDEX('11'!$A:$A, 12 + COLUMN(L6)-COLUMN($E$1))} | ... V7: {=INDEX('11'!$A:$A, 12 + COLUMN(V6)-COLUMN($E$1))}
A8: 13 | B8: CODIUM開発環境（社内Wi-Fi） | C8: ルーターのファームウェアアップデート | D8: 月次＋緊急 | E8: {=INDEX('12'!$A:$A, 12 + COLUMN(E7)-COLUMN($E$1))} | F8: {=INDEX('12'!$A:$A, 12 + COLUMN(F7)-COLUMN($E$1))} | G8: {=INDEX('12'!$A:$A, 12 + COLUMN(G7)-COLUMN($E$1))} | H8: {=INDEX('12'!$A:$A, 12 + COLUMN(H7)-COLUMN($E$1))} | I8: {=INDEX('12'!$A:$A, 12 + COLUMN(I7)-COLUMN($E$1))} | J8: {=INDEX('12'!$A:$A, 12 + COLUMN(J7)-COLUMN($E$1))} | K8: {=INDEX('12'!$A:$A, 12 + COLUMN(K7)-COLUMN($E$1))} | L8: {=INDEX('12'!$A:$A, 12 + COLUMN(L7)-COLUMN($E$1))} | ... V8: {=INDEX('12'!$A:$A, 12 + COLUMN(V7)-COLUMN($E$1))}
A9: 14 | B9: CODIUM開発環境（社内Wi-Fi） | C9: ルーターのファームウェアアップデート | D9: 月次＋緊急 | E9: {=INDEX('14'!$A:$A, 12 + COLUMN(E8)-COLUMN($E$1))} | F9: {=INDEX('14'!$A:$A, 12 + COLUMN(F8)-COLUMN($E$1))} | G9: {=INDEX('14'!$A:$A, 12 + COLUMN(G8)-COLUMN($E$1))} | H9: {=INDEX('14'!$A:$A, 12 + COLUMN(H8)-COLUMN($E$1))} | I9: {=INDEX('14'!$A:$A, 12 + COLUMN(I8)-COLUMN($E$1))} | J9: {=INDEX('14'!$A:$A, 12 + COLUMN(J8)-COLUMN($E$1))} | K9: {=INDEX('14'!$A:$A, 12 + COLUMN(K8)-COLUMN($E$1))} | L9: {=INDEX('14'!$A:$A, 12 + COLUMN(L8)-COLUMN($E$1))} | ... V9: {=INDEX('14'!$A:$A, 12 + COLUMN(V8)-COLUMN($E$1))}
A10: 15 | B10: PC（開発用） | C10: 開発ツールのアップデート | D10: 月次＋自動適用 | E10: {=INDEX('15'!$A:$A, 12 + COLUMN(E9)-COLUMN($E$1))} | F10: {=INDEX('15'!$A:$A, 12 + COLUMN(F9)-COLUMN($E$1))} | G10: {=INDEX('15'!$A:$A, 12 + COLUMN(G9)-COLUMN($E$1))} | H10: {=INDEX('15'!$A:$A, 12 + COLUMN(H9)-COLUMN($E$1))} | I10: {=INDEX('15'!$A:$A, 12 + COLUMN(I9)-COLUMN($E$1))} | J10: {=INDEX('15'!$A:$A, 12 + COLUMN(J9)-COLUMN($E$1))} | K10: {=INDEX('15'!$A:$A, 12 + COLUMN(K9)-COLUMN($E$1))} | L10: {=INDEX('15'!$A:$A, 12 + COLUMN(L9)-COLUMN($E$1))} | ... V10: {=INDEX('15'!$A:$A, 12 + COLUMN(V9)-COLUMN($E$1))}
A11: 16 | B11: iPad（開発用） | C11: iOSアップデート | D11: 月次＋自動適用 | E11: {=INDEX('16'!$A:$A, 12 + COLUMN(E10)-COLUMN($E$1))} | F11: {=INDEX('16'!$A:$A, 12 + COLUMN(F10)-COLUMN($E$1))} | G11: {=INDEX('16'!$A:$A, 12 + COLUMN(G10)-COLUMN($E$1))} | H11: {=INDEX('16'!$A:$A, 12 + COLUMN(H10)-COLUMN($E$1))} | I11: {=INDEX('16'!$A:$A, 12 + COLUMN(I10)-COLUMN($E$1))} | J11: {=INDEX('16'!$A:$A, 12 + COLUMN(J10)-COLUMN($E$1))} | K11: {=INDEX('16'!$A:$A, 12 + COLUMN(K10)-COLUMN($E$1))} | L11: {=INDEX('16'!$A:$A, 12 + COLUMN(L10)-COLUMN($E$1))} | ... V11: {=INDEX('16'!$A:$A, 12 + COLUMN(V10)-COLUMN($E$1))}
A12: 17 | B12: PC（開発用） | C12: OSアップデート | D12: 月次＋自動適用 | E12: {=INDEX('17'!$A:$A, 12 + COLUMN(E11)-COLUMN($E$1))} | F12: {=INDEX('17'!$A:$A, 12 + COLUMN(F11)-COLUMN($E$1))} | G12: {=INDEX('17'!$A:$A, 12 + COLUMN(G11)-COLUMN($E$1))} | H12: {=INDEX('17'!$A:$A, 12 + COLUMN(H11)-COLUMN($E$1))} | I12: {=INDEX('17'!$A:$A, 12 + COLUMN(I11)-COLUMN($E$1))} | J12: {=INDEX('17'!$A:$A, 12 + COLUMN(J11)-COLUMN($E$1))} | K12: {=INDEX('17'!$A:$A, 12 + COLUMN(K11)-COLUMN($E$1))} | L12: {=INDEX('17'!$A:$A, 12 + COLUMN(L11)-COLUMN($E$1))} | ... V12: {=INDEX('17'!$A:$A, 12 + COLUMN(V11)-COLUMN($E$1))}
A13: 18 | B13: PC（開発用） | C13: MDMソフトウェアアップデート | D13: 月次 | E13: {=INDEX('18'!$A:$A, 12 + COLUMN(E12)-COLUMN($E$1))} | F13: {=INDEX('18'!$A:$A, 12 + COLUMN(F12)-COLUMN($E$1))} | G13: {=INDEX('18'!$A:$A, 12 + COLUMN(G12)-COLUMN($E$1))} | H13: {=INDEX('18'!$A:$A, 12 + COLUMN(H12)-COLUMN($E$1))} | I13: {=INDEX('18'!$A:$A, 12 + COLUMN(I12)-COLUMN($E$1))} | J13: {=INDEX('18'!$A:$A, 12 + COLUMN(J12)-COLUMN($E$1))} | K13: {=INDEX('18'!$A:$A, 12 + COLUMN(K12)-COLUMN($E$1))} | L13: {=INDEX('18'!$A:$A, 12 + COLUMN(L12)-COLUMN($E$1))} | ... V13: {=INDEX('18'!$A:$A, 12 + COLUMN(V12)-COLUMN($E$1))}
A14: 19 | B14: iPad（検証用） | C14: MDMソフトウェアアップデート | D14: 月次 | E14: {=INDEX('19'!$A:$A, 12 + COLUMN(E13)-COLUMN($E$1))} | F14: {=INDEX('19'!$A:$A, 12 + COLUMN(F13)-COLUMN($E$1))} | G14: {=INDEX('19'!$A:$A, 12 + COLUMN(G13)-COLUMN($E$1))} | H14: {=INDEX('19'!$A:$A, 12 + COLUMN(H13)-COLUMN($E$1))} | I14: {=INDEX('19'!$A:$A, 12 + COLUMN(I13)-COLUMN($E$1))} | J14: {=INDEX('19'!$A:$A, 12 + COLUMN(J13)-COLUMN($E$1))} | K14: {=INDEX('19'!$A:$A, 12 + COLUMN(K13)-COLUMN($E$1))} | L14: {=INDEX('19'!$A:$A, 12 + COLUMN(L13)-COLUMN($E$1))} | ... V14: {=INDEX('19'!$A:$A, 12 + COLUMN(V13)-COLUMN($E$1))}
A15: 12 | B15: クラウドフレア | C15: TLS/証明書の更新 | D15: 年次 + 有効期限前 | E15: {=INDEX('12'!$A:$A, 12 + COLUMN(E14)-COLUMN($E$1))} | F15: {=INDEX('12'!$A:$A, 12 + COLUMN(F14)-COLUMN($E$1))} | G15: {=INDEX('12'!$A:$A, 12 + COLUMN(G14)-COLUMN($E$1))} | H15: {=INDEX('12'!$A:$A, 12 + COLUMN(H14)-COLUMN($E$1))} | I15: {=INDEX('12'!$A:$A, 12 + COLUMN(I14)-COLUMN($E$1))} | J15: {=INDEX('12'!$A:$A, 12 + COLUMN(J14)-COLUMN($E$1))} | K15: {=INDEX('12'!$A:$A, 12 + COLUMN(K14)-COLUMN($E$1))} | L15: {=INDEX('12'!$A:$A, 12 + COLUMN(L14)-COLUMN($E$1))} | ... V15: {=INDEX('12'!$A:$A, 12 + COLUMN(V14)-COLUMN($E$1))}

Sheet 01_パッチマネージャー
A1: パッチ管理チェック実施報告書
A3: 区分 | C3: ='パッチ一覧（SB実施確認）'!B2
A4: チェック項目名 | C4: ='パッチ一覧（SB実施確認）'!C2
A5: 実施頻度 | C5: ='パッチ一覧（SB実施確認）'!G2
A6: 報告手段 | C6: Trello監査ボード
C8: 〇 | D8: 異常なし
C9: △ | D9: 一部あり
C10: × | D10: 重要不足
A11: 実施日 | B11: 実施者 | C11: 確認結果 （○/△/×） | D11: 発見事項 | E11: 詳細コメント（できるだけ詳しく記載） | F11: 原因仮説 | G11: 是正措置（対処） | H11: 再発防止策 | I11: 報告先 | J11: 報告日 | K11: TrelloカードURL | L11: 添付資料パス/リンク

Sheet 02_アプリFW
A1: パッチ管理チェック実施報告書
A3: 区分 | C3: ='パッチ一覧（SB実施確認）'!B3
A4: チェック項目名 | C4: ='パッチ一覧（SB実施確認）'!C3
A5: 実施頻度 | C5: ='パッチ一覧（SB実施確認）'!G3
A6: 報告手段 | C6: Trello監査ボード
C8: 〇 | D8: 異常なし
C9: △ | D9: 一部あり
C10: × | D10: 重要不足
A11: 実施日 | B11: 実施者 | C11: 確認結果 （○/△/×） | D11: 発見事項 | E11: 詳細コメント（できるだけ詳しく記載） | F11: 原因仮説 | G11: 是正措置（対処） | H11: 再発防止策 | I11: 報告先 | J11: 報告日 | K11: TrelloカードURL | L11: 添付資料パス/リンク

Sheet 03_アプリFW
A1: パッチ管理チェック実施報告書
A3: 区分 | C3: ='パッチ一覧（SB実施確認）'!B4
A4: チェック項目名 | C4: ='パッチ一覧（SB実施確認）'!C4
A5: 実施頻度 | C5: ='パッチ一覧（SB実施確認）'!G4
A6: 報告手段 | C6: Trello監査ボード
C8: 〇 | D8: 異常なし
C9: △ | D9: 一部あり
C10: × | D10: 重要不足
A11: 実施日 | B11: 実施者 | C11: 確認結果 （○/△/×） | D11: 発見事項 | E11: 詳細コメント（できるだけ詳しく記載） | F11: 原因仮説 | G11: 是正措置（対処） | H11: 再発防止策 | I11: 報告先 | J11: 報告日 | K11: TrelloカードURL | L11: 添付資料パス/リンク

Sheet 04_アプリFW
A1: パッチ管理チェック実施報告書
A3: 区分 | C3: ='パッチ一覧（SB実施確認）'!B5
A4: チェック項目名 | C4: ='パッチ一覧（SB実施確認）'!C5
A5: 実施頻度 | C5: ='パッチ一覧（SB実施確認）'!G5
A6: 報告手段 | C6: Trello監査ボード
C8: 〇 | D8: 異常なし
C9: △ | D9: 一部あり
C10: × | D10: 重要不足
A11: 実施日 | B11: 実施者 | C11: 確認結果 （○/△/×） | D11: 発見事項 | E11: 詳細コメント（できるだけ詳しく記載） | F11: 原因仮説 | G11: 是正措置（対処） | H11: 再発防止策 | I11: 報告先 | J11: 報告日 | K11: TrelloカードURL | L11: 添付資料パス/リンク

Sheet 05_RDS
A1: パッチ管理チェック実施報告書
A3: 区分 | C3: ='パッチ一覧（SB実施確認）'!B6
A4: チェック項目名 | C4: ='パッチ一覧（SB実施確認）'!C6
A5: 実施頻度 | C5: ='パッチ一覧（SB実施確認）'!G6
A6: 報告手段 | C6: Trello監査ボード
C8: 〇 | D8: 異常なし
C9: △ | D9: 一部あり
C10: × | D10: 重要不足
A11: 実施日 | B11: 実施者 | C11: 確認結果 （○/△/×） | D11: 発見事項 | E11: 詳細コメント（できるだけ詳しく記載） | F11: 原因仮説 | G11: 是正措置（対処） | H11: 再発防止策 | I11: 報告先 | J11: 報告日 | K11: TrelloカードURL | L11: 添付資料パス/リンク

Sheet 06_AWS Inspector
A1: パッチ管理チェック実施報告書
A3: 区分 | C3: ='パッチ一覧（SB実施確認）'!B7
A4: チェック項目名 | C4: ='パッチ一覧（SB実施確認）'!C7
A5: 実施頻度 | C5: ='パッチ一覧（SB実施確認）'!G7
A6: 報告手段 | C6: Trello監査ボード
C8: 〇 | D8: 異常なし
C9: △ | D9: 一部あり
C10: × | D10: 重要不足
A11: 実施日 | B11: 実施者 | C11: 確認結果 （○/△/×） | D11: 発見事項 | E11: 詳細コメント（できるだけ詳しく記載） | F11: 原因仮説 | G11: 是正措置（対処） | H11: 再発防止策 | I11: 報告先 | J11: 報告日 | K11: TrelloカードURL | L11: 添付資料パス/リンク

Sheet 07_AWS Inspector
A1: パッチ管理チェック実施報告書
A3: 区分 | C3: ='パッチ一覧（SB実施確認）'!B8
A4: チェック項目名 | C4: ='パッチ一覧（SB実施確認）'!C8
A5: 実施頻度 | C5: ='パッチ一覧（SB実施確認）'!G8
A6: 報告手段 | C6: Trello監査ボード
C8: 〇 | D8: 異常なし
C9: △ | D9: 一部あり
C10: × | D10: 重要不足
A11: 実施日 | B11: 実施者 | C11: 確認結果 （○/△/×） | D11: 発見事項 | E11: 詳細コメント（できるだけ詳しく記載） | F11: 原因仮説 | G11: 是正措置（対処） | H11: 再発防止策 | I11: 報告先 | J11: 報告日 | K11: TrelloカードURL | L11: 添付資料パス/リンク

Sheet 08_AWS 脆弱性情報収集
A1: パッチ管理チェック実施報告書
A3: 区分 | C3: ='パッチ一覧（SB実施確認）'!B9
A4: チェック項目名 | C4: ='パッチ一覧（SB実施確認）'!C9
A5: 実施頻度 | C5: ='パッチ一覧（SB実施確認）'!G9
A6: 報告手段 | C6: Trello監査ボード
C8: 〇 | D8: 異常なし
C9: △ | D9: 一部あり
C10: × | D10: 重要不足
A11: 実施日 | B11: 実施者 | C11: 確認結果 （○/△/×） | D11: 発見事項 | E11: 詳細コメント（できるだけ詳しく記載） | F11: 原因仮説 | G11: 是正措置（対処） | H11: 再発防止策 | I11: 報告先 | J11: 報告日 | K11: TrelloカードURL | L11: 添付資料パス/リンク

Sheet 09_暗号化キー
A1: パッチ管理チェック実施報告書
A3: 区分 | C3: ='パッチ一覧（SB実施確認）'!B10
A4: チェック項目名 | C4: ='パッチ一覧（SB実施確認）'!C10
A5: 実施頻度 | C5: ='パッチ一覧（SB実施確認）'!G10
A6: 報告手段 | C6: Trello監査ボード
C8: 〇 | D8: 異常なし
C9: △ | D9: 一部あり
C10: × | D10: 重要不足
A11: 実施日 | B11: 実施者 | C11: 確認結果 （○/△/×） | D11: 発見事項 | E11: 詳細コメント（できるだけ詳しく記載） | F11: 原因仮説 | G11: 是正措置（対処） | H11: 再発防止策 | I11: 報告先 | J11: 報告日 | K11: TrelloカードURL | L11: 添付資料パス/リンク

Sheet 10_GitLab
A1: パッチ管理チェック実施報告書
A3: 区分 | C3: ='パッチ一覧（SB実施確認）'!B11
A4: チェック項目名 | C4: ='パッチ一覧（SB実施確認）'!C11
A5: 実施頻度 | C5: ='パッチ一覧（SB実施確認）'!G11
A6: 報告手段 | C6: Trello監査ボード
C8: 〇 | D8: 異常なし
C9: △ | D9: 一部あり
C10: × | D10: 重要不足
A11: 実施日 | B11: 実施者 | C11: 確認結果 （○/△/×） | D11: 発見事項 | E11: 詳細コメント（できるだけ詳しく記載） | F11: 原因仮説 | G11: 是正措置（対処） | H11: 再発防止策 | I11: 報告先 | J11: 報告日 | K11: TrelloカードURL | L11: 添付資料パス/リンク

Sheet 11_Cloudflare
A1: パッチ管理チェック実施報告書
A3: 区分 | C3: ='パッチ一覧（SB実施確認）'!B12
A4: チェック項目名 | C4: ='パッチ一覧（SB実施確認）'!C12
A5: 実施頻度 | C5: ='パッチ一覧（SB実施確認）'!G12
A6: 報告手段 | C6: Trello監査ボード
C8: 〇 | D8: 異常なし
C9: △ | D9: 一部あり
C10: × | D10: 重要不足
A11: 実施日 | B11: 実施者 | C11: 確認結果 （○/△/×） | D11: 発見事項 | E11: 詳細コメント（できるだけ詳しく記載） | F11: 原因仮説 | G11: 是正措置（対処） | H11: 再発防止策 | I11: 報告先 | J11: 報告日 | K11: TrelloカードURL | L11: 添付資料パス/リンク

Sheet 12_Cloudflare
A1: パッチ管理チェック実施報告書
A3: 区分 | C3: ='パッチ一覧（SB実施確認）'!B13
A4: チェック項目名 | C4: ='パッチ一覧（SB実施確認）'!C13
A5: 実施頻度 | C5: ='パッチ一覧（SB実施確認）'!G13
A6: 報告手段 | C6: Trello監査ボード
C8: 〇 | D8: 異常なし
C9: △ | D9: 一部あり
C10: × | D10: 重要不足
A11: 実施日 | B11: 実施者 | C11: 確認結果 （○/△/×） | D11: 発見事項 | E11: 詳細コメント（できるだけ詳しく記載） | F11: 原因仮説 | G11: 是正措置（対処） | H11: 再発防止策 | I11: 報告先 | J11: 報告日 | K11: TrelloカードURL | L11: 添付資料パス/リンク

Sheet 13_CODIUM Wi-Fi
A1: パッチ管理チェック実施報告書
A3: 区分 | C3: ='パッチ一覧（SB実施確認）'!B14
A4: チェック項目名 | C4: ='パッチ一覧（SB実施確認）'!C14
A5: 実施頻度 | C5: ='パッチ一覧（SB実施確認）'!G14
A6: 報告手段 | C6: Trello監査ボード
C8: 〇 | D8: 異常なし
C9: △ | D9: 一部あり
C10: × | D10: 重要不足
A11: 実施日 | B11: 実施者 | C11: 確認結果 （○/△/×） | D11: 発見事項 | E11: 詳細コメント（できるだけ詳しく記載） | F11: 原因仮説 | G11: 是正措置（対処） | H11: 再発防止策 | I11: 報告先 | J11: 報告日 | K11: TrelloカードURL | L11: 添付資料パス/リンク

Sheet 14_CODIUM Wi-Fi
A1: パッチ管理チェック実施報告書
A3: 区分 | C3: ='パッチ一覧（SB実施確認）'!B15
A4: チェック項目名 | C4: ='パッチ一覧（SB実施確認）'!C15
A5: 実施頻度 | C5: ='パッチ一覧（SB実施確認）'!G15
A6: 報告手段 | C6: Trello監査ボード
C8: 〇 | D8: 異常なし
C9: △ | D9: 一部あり
C10: × | D10: 重要不足
A11: 実施日 | B11: 実施者 | C11: 確認結果 （○/△/×） | D11: 発見事項 | E11: 詳細コメント（できるだけ詳しく記載） | F11: 原因仮説 | G11: 是正措置（対処） | H11: 再発防止策 | I11: 報告先 | J11: 報告日 | K11: TrelloカードURL | L11: 添付資料パス/リンク

Sheet 15_PC（開発用）
A1: パッチ管理チェック実施報告書
A3: 区分 | C3: ='パッチ一覧（SB実施確認）'!B16
A4: チェック項目名 | C4: ='パッチ一覧（SB実施確認）'!C16
A5: 実施頻度 | C5: ='パッチ一覧（SB実施確認）'!G16
A6: 報告手段 | C6: Trello監査ボード
C8: 〇 | D8: 異常なし
C9: △ | D9: 一部あり
C10: × | D10: 重要不足
A11: 実施日 | B11: 実施者 | C11: 確認結果 （○/△/×） | D11: 発見事項 | E11: 詳細コメント（できるだけ詳しく記載） | F11: 原因仮説 | G11: 是正措置（対処） | H11: 再発防止策 | I11: 報告先 | J11: 報告日 | K11: TrelloカードURL | L11: 添付資料パス/リンク

Sheet 16_iPad（開発用）
A1: パッチ管理チェック実施報告書
A3: 区分 | C3: ='パッチ一覧（SB実施確認）'!B17
A4: チェック項目名 | C4: ='パッチ一覧（SB実施確認）'!C17
A5: 実施頻度 | C5: ='パッチ一覧（SB実施確認）'!G17
A6: 報告手段 | C6: Trello監査ボード
C8: 〇 | D8: 異常なし
C9: △ | D9: 一部あり
C10: × | D10: 重要不足
A11: 実施日 | B11: 実施者 | C11: 確認結果 （○/△/×） | D11: 発見事項 | E11: 詳細コメント（できるだけ詳しく記載） | F11: 原因仮説 | G11: 是正措置（対処） | H11: 再発防止策 | I11: 報告先 | J11: 報告日 | K11: TrelloカードURL | L11: 添付資料パス/リンク

Sheet 17_PC（開発用）
A1: パッチ管理チェック実施報告書
A3: 区分 | C3: ='パッチ一覧（SB実施確認）'!B18
A4: チェック項目名 | C4: ='パッチ一覧（SB実施確認）'!C18
A5: 実施頻度 | C5: ='パッチ一覧（SB実施確認）'!G18
A6: 報告手段 | C6: Trello監査ボード
C8: 〇 | D8: 異常なし
C9: △ | D9: 一部あり
C10: × | D10: 重要不足
A11: 実施日 | B11: 実施者 | C11: 確認結果 （○/△/×） | D11: 発見事項 | E11: 詳細コメント（できるだけ詳しく記載） | F11: 原因仮説 | G11: 是正措置（対処） | H11: 再発防止策 | I11: 報告先 | J11: 報告日 | K11: TrelloカードURL | L11: 添付資料パス/リンク

Sheet 18_PC（開発用）
A1: パッチ管理チェック実施報告書
A3: 区分 | C3: ='パッチ一覧（SB実施確認）'!B19
A4: チェック項目名 | C4: ='パッチ一覧（SB実施確認）'!C19
A5: 実施頻度 | C5: ='パッチ一覧（SB実施確認）'!G19
A6: 報告手段 | C6: Trello監査ボード
C8: 〇 | D8: 異常なし
C9: △ | D9: 一部あり
C10: × | D10: 重要不足
A11: 実施日 | B11: 実施者 | C11: 確認結果 （○/△/×） | D11: 発見事項 | E11: 詳細コメント（できるだけ詳しく記載） | F11: 原因仮説 | G11: 是正措置（対処） | H11: 再発防止策 | I11: 報告先 | J11: 報告日 | K11: TrelloカードURL | L11: 添付資料パス/リンク

Sheet 19_iPad（検証用）
A1: パッチ管理チェック実施報告書
A3: 区分 | C3: ='パッチ一覧（SB実施確認）'!B20
A4: チェック項目名 | C4: ='パッチ一覧（SB実施確認）'!C20
A5: 実施頻度 | C5: ='パッチ一覧（SB実施確認）'!G20
A6: 報告手段 | C6: Trello監査ボード
C8: 〇 | D8: 異常なし
C9: △ | D9: 一部あり
C10: × | D10: 重要不足
A11: 実施日 | B11: 実施者 | C11: 確認結果 （○/△/×） | D11: 発見事項 | E11: 詳細コメント（できるだけ詳しく記載） | F11: 原因仮説 | G11: 是正措置（対処） | H11: 再発防止策 | I11: 報告先 | J11: 報告日 | K11: TrelloカードURL | L11: 添付資料パス/リンク

Sheet 20_予備
A1: パッチ管理チェック実施報告書
A3: 区分 | C3: ='パッチ一覧（SB実施確認）'!B21
A4: チェック項目名 | C4: ='パッチ一覧（SB実施確認）'!C21
A5: 実施頻度 | C5: ='パッチ一覧（SB実施確認）'!G21
A6: 報告手段 | C6: Trello監査ボード
C8: 〇 | D8: 異常なし
C9: △ | D9: 一部あり
C10: × | D10: 重要不足
A11: 実施日 | B11: 実施者 | C11: 確認結果 （○/△/×） | D11: 発見事項 | E11: 詳細コメント（できるだけ詳しく記載） | F11: 原因仮説 | G11: 是正措置（対処） | H11: 再発防止策 | I11: 報告先 | J11: 報告日 | K11: TrelloカードURL | L11: 添付資料パス/リンク

Sheet Sheet1
B3: 〇 | C3: P1
B4: △ | C4: P2
B5: × | C5: P3
