Workbook

Sheet ログ一覧(SB実施確認）
B1: カテゴリ | C1: 監視区分 | D1: ログの種類 | E1: 監視対象 | F1: アラート条件 | G1: 保管期間 | H1: 保存先 | I1: 取得する場所 | J1: 監視タイミング | K1: 監視担当 | L1: チェック実施 | M1: 報告方法 | N1: 何を識別しているログか | O1: 比較対象 | P1: チェック項目 | Q1: 実施確認担当 | R1: 実施チェック | T1: 45931 | U1: 45962 | V1: 45992 | W1: 46023 | X1: 46054 | Y1: 46082 | Z1: 46113 | AA1: 46143 | AB1: 46174 | AC1: 46204 | AD1: 46235 | AE1: 46266 | AF1: 46296 | AG1: 46327 | AH1: 46357 | AI1: 46388 | AJ1: 46419 | AK1: 46447
A2: 1 | B2: パフォーマンス監視 | C2: 死活監視 | D2: ALBアクセスログ | G2: 無制限 | H2: S3（専用バケット） | I2: AWSコンソール → S3 → ALBログバケット | J2: 障害が発生した場合 | K2: CODIUM | L2: 月次 | M2: Trelloの報告カード | N2: ALB経由の全HTTP/HTTPSリクエスト（クライアントIP、URL、レスポンスコード） | O2: 今月と前月のアクセス件数、5xxエラー率、過去3ヶ月のアクセスパターン | P2: 1. 5xxエラー率が2%以上になっていないか確認 2. 特定IPからの短時間大量アクセスの有無 3. 海外IPや許可外IPからのアクセス有無 4. アクセス急増の時間帯を特定 | Q2: エスブランド | R2: 月次
A3: 2 | B3: リソース監視 | C3: 通常監視 | D3: ECSタスク実行ログ | F3: CPU > 50% memory > 75% CPU < 45% memory < 67.5% | G3: 無制限 | H3: CloudWatch Logs | I3: AWSコンソール → CloudWatch -> ロググループ | J3: 障害が発生した場合、またはバッチエラーが発生した場合 | K3: CODIUM | L3: 月次 | M3: Trelloの報告カード | N3: アプリケーションコンテナの標準出力・標準エラー | O3: エラーログ件数（前回デプロイ後との比較）、終了コード | P3: 1. 異常終了コード（例：137, 1）の有無 2. 例外発生箇所の特定 3. バッチ処理の途中停止やタイムアウトの有無 | Q3: エスブランド | R3: 月次
A4: 3 | B4: リソース監視 | C4: 通常監視 | D4: ECSデプロイイベント | G4: 無制限 | H4: CloudWatch Events | I4: AWSコンソール → ECS → タスク定義 | J4: アプリケーションのデプロイメントが行われるとき。 | K4: CODIUM | L4: 月次 | M4: Trelloの報告カード | N4: サービス更新やタスク置き換え履歴 | O4: 最新デプロイと前回の成功率、デプロイ後のエラー件数 | P4: 1. デプロイ失敗の有無 2. 想定外のロールバック発生有無 3. デプロイ後30分以内のエラー発生率を確認 | Q4: エスブランド | R4: 月次
A5: 4 | B5: ログ監視 | C5: 通常監視 | D5: CloudWatchアラーム履歴 | G5: 1ヶ月 | H5: CloudWatch | I5: AWS コンソール → CloudWatch → アラーム | J5: アラートが発生したとき | K5: CODIUM | L5: 月次 | M5: Trelloの報告カード | N5: CPU、メモリ、レスポンス異常などの閾値超過履歴 | O5: 過去3ヶ月のアラーム発報回数、閾値超過回数 | P5: 1. 発報内容と実際のリソース状況の一致確認 2. 発報後の対応時間が基準内か確認 3. 再発傾向の有無 | Q5: エスブランド | R5: 月次
A6: 5 | B6: ログ監視 | C6: 死活監視 | D6: RDSエラーログ | G6: 無制限 | H6: CloudWatch Logs | I6: AWS コンソール → CloudWatch → ロググループ | J6: 障害が発生した場合 | K6: CODIUM | L6: 月次 | M6: Trelloの報告カード | N6: DB内部エラー（接続失敗、クエリエラー等） | O6: 過去7日間のエラー件数、特定SQLエラー発生頻度 | P6: 1. 接続失敗の急増有無 2. 同一クエリでの繰返しエラー 3. エラー発生時間帯の偏り確認 | Q6: エスブランド | R6: 月次
A7: 6 | B7: ログ監視 | C7: 通常監視 | D7: RDSイベントログ | F7: CPU > 50% memory > 75% Alarm when RDS is created or modify with this pattern { ($.eventSource = "rds.amazonaws.com") && ( $.eventName = "CreateDBInstance" || $.eventName = "ModifyDBInstance" || $.eventName = "DeleteDBInstance" ) } | G7: 1ヶ月 | H7: AWS RDS（イベント一覧） | I7: AWS コンソール → CloudWatch → ロググループ | J7: 障害発生時または設定変更時 | K7: CODIUM | L7: 月次 | M7: Trelloの報告カード | N7: フェイルオーバー、スケーリング、設定変更履歴 | O7: フェイルオーバー発生頻度、スケーリングイベント間隔 | P7: 1. 未承認の設定変更有無 2. 不要な再起動やフェイルオーバー有無 3. 実行者の権限一致確認 | Q7: エスブランド | R7: 月次
A8: 7 | B8: リソース監視 | C8: 通常監視 | D8: RDSスナップショット確認ログ | G8: 7日間 | H8: AWS Backup／RDSスナップショット | I8: AWS コンソール → RDS → スナップショット | J8: 週次チェック | K8: CODIUM | L8: 週次 | M8: Trelloの報告カード | N8: 手動／自動スナップショットの作成状況とリストア可能性確認履歴 | O8: 最新スナップショットと作成スケジュール、直近3回のサイズ | P8: 1. 当日分スナップショットの存在確認 2. サイズ急増減なし 3. 作成時間が予定通り（±15分以内） 4. 月1回リストアテストでデータ件数一致確認 | Q8: エスブランド | R8: 月次
A9: 8 | B9: リソース監視 | C9: 通常監視 | D9: RDS自動バックアップ確認ログ | G9: 1年 | H9: AWS Backup／RDS自動バックアップ | I9: AWS コンソール → RDS → 自動バックアップ | J9: 月次レビュー | K9: CODIUM | L9: 週次 | M9: Trelloの報告カード | N9: RDS自動バックアップの取得成功状況とリストアテスト履歴 | O9: 直近7日間のバックアップサイズ、本番環境のスキーマ・テーブル数、バックアップ終了時刻と過去実績 | P9: 1. AWS BackupまたはRDSで成功確認 2. バックアップ終了時刻と所要時間を前回・前々回と比較 3. サイズ変化率±10％以内か確認 4. スキーマ・テーブル数欠落なし 5. RDSイベントログでエラーなし | Q9: エスブランド | R9: 月次
A10: 9 | B10: ログ監視 | C10: 通常監視 | D10: CloudTrailログ | F10: Alarm when IAM policy change with this filter pattern { ($.eventSource = "iam.amazonaws.com") && (($.eventName = "DeletePolicy") || ($.eventName = "CreatePolicy") || ($.eventName = "AttachRolePolicy") || ($.eventName = "DetachRolePolicy") || ($.eventName = "PutRolePolicy") || ($.eventName = "DeleteRolePolicy") || ($.eventName = "AttachUserPolicy") || ($.eventName = "DetachUserPolicy") || ($.eventName = "PutUserPolicy") || ($.eventName = "DeleteUserPolicy") || ($.eventName = "AttachGroupPolicy") || ($.eventName = "DetachGroupPolicy") || ($.eventName = "PutGroupPolicy") || ($.eventName = "DeleteGroupPolicy") || ($.eventName = "UpdateAssumeRolePolicy") || ($.eventName = "CreatePolicyVersion") || ($.eventName = "DeletePolicyVersion") || ($.eventName = "SetDefaultPolicyVersion")) } Alarm when login with root account with this filter pattern { $.eventName = "ConsoleLogin" && $.userIdentity.type = "Root" } Alarm when network settings are changed with this filter pattern { ($.eventSource = "ec2.amazonaws.com") && ( $.eventName = "CreateVpc" || $.eventName = "DeleteVpc" || $.eventName = "ModifyVpcAttribute" || $.eventName = "CreateSubnet" || $.eventName = "DeleteSubnet" || $.eventName = "AuthorizeSecurityGroupIngress" || $.eventName = "RevokeSecurityGroupIngress" || $.eventName = "CreateNetworkAcl" || $.eventName = "DeleteNetworkAcl" || $.eventName = "ReplaceRouteTableAssociation" || $.eventName = "CreateSecurityGroup" || $.eventName = "DeleteSecurityGroup" || $.eventName = "AuthorizeSecurityGroupEgress" || $.eventName = "RevokeSecurityGroupEgress" || $.eventName = "ReplaceNetworkAclAssociation" || $.eventName = "CreateNetworkAclEntry" || $.eventName = "DeleteNetworkAclEntry" || $.eventName = "CreateRouteTable" || $.eventName = "DeleteRouteTable" || $.eventName = "AssociateRouteTable" || $.eventName = "DisassociateRouteTable" ) } | G10: Cloudwatch (3か月) S3 (無制限) | H10: S3＋CloudWatch Logs | I10: AWS コンソール → CloudWatch → ロググループ AWS コンソール -> S3 -> Cloudtrail バケット | J10: 月次監査と権限チェック | K10: エスブランド | L10: 月次 | M10: Trelloの報告カード | N10: AWS APIコール履歴（誰が何を実行したか） | O10: 実行ユーザーとIAM権限設定、変更記録と承認申請書 | P10: 1. 操作履歴抽出（直近30日） 2. IAM権限と突合 3. 承認記録と一致確認 4. 国外IPアクセス有無 | Q10: エスブランド | R10: 月次
A11: 10 | B11: ログ監視 | C11: 通常監視 | D11: S3アクセスログ | F11: Alarm when s3 bucket created , deleted etc with this filter pattern { ($.eventSource = "s3.amazonaws.com") && ( $.eventName = "CreateBucket" || $.eventName = "DeleteBucket" || $.eventName = "PutBucketAcl" || $.eventName = "PutBucketPolicy" || $.eventName = "PutBucketPublicAccessBlock" ) } | G11: 無制限 | H11: S3（アクセスログバケット） | I11: AWS コンソール → S3 -> etrcar-s3-logs バケット | J11: 不正アクセスを調査する場合 | K11: CODIUM | L11: 月次 | M11: Trelloの報告カード | N11: バケットアクセス履歴 | O11: 許可IPリスト、通常アクセス時間帯 | P11: 1. 権限外アクセス有無 2. 時間外アクセス有無 3. 海外IPアクセス有無 | Q11: エスブランド | R11: 月次
A12: 11 | B12: ログ監視 | C12: 通常監視（重大脅威は準死活扱い） | D12: GuardDuty | E12: （IAM不審操作） （VPC異常通信） （S3不正アクセス） （EC2/ECSマルウェア検知）（EBS Malware Scan）（Lambda脅威検知（DNS異常） | G12: 3ヶ月 | H12: CloudWatch Logs／GuardDuty | I12: AWS コンソール → GuardDuty → Findings | J12: アラート発生時、週次確認 | K12: CODIUM | L12: 週次 | M12: Trelloの報告カード | N12: セキュリティ脅威検知結果 | O12: 前回スキャン結果、再発脅威件数 | P12: 1. 高深刻度アラート有無 2. 再発脅威件数 3. 対応履歴確認 | Q12: エスブランド | R12: 月次
A13: 12 | B13: ログ監視 | C13: 通常監視 | D13: AWS Inspector検出レポートログ | G13: 1年間（Inspectorコンソールの保持）/ 必要に応じてS3にエクスポート | H13: AWS Inspector／S3 | I13: AWS Console → Inspector → Findings | J13: 週次レビュー、重大脆弱性検出時は即時 | K13: CODIUM | L13: 週次 | M13: Trelloの報告カード | N13: EC2、ECR、Lambda等に対する脆弱性スキャン結果と推奨対策 | O13: 前回スキャン結果、解消済み脆弱性数 | P13: 1. Critical/High脆弱性件数確認 2. 新規検出と解消件数比較 3. 再発脆弱性有無 4. 推奨対策適用状況確認 | Q13: エスブランド | R13: 月次
A14: 13 | B14: リソース監視 | C14: 通常監視 | D14: Cloudflareネットワークログ | G14: 1ヶ月 | H14: クラウドフレア | I14: Cloudflareコンソール -> ログエクスプローラー -> ログ検索 | J14: 障害が発生した場合 | K14: CODIUM | L14: 月次 | M14: Trelloの報告カード | N14: Cloudflare 経由のすべての HTTP/HTTPS リクエスト (クライアント IP、URL、応答コード、国) | O14: 前月とのアクセス数の増減 | P14: １、アクセス数 | Q14: エスブランド | R14: 月次
A15: 14 | B15: ログ監視 | C15: 通常監視（高危険度は死活扱い） | D15: Cloudflare セキュリティ脅威ログ | G15: 1ヶ月 | H15: クラウドフレア | I15: Cloudflareコンソール -> 分析とログ -> セキュリティ | J15: 攻撃が発生したとき | K15: CODIUM | L15: 月次 | M15: Trelloの報告カード | N15: ウェブサイトに対するすべての攻撃と脅威 | O15: ウェブサイトに対するすべての攻撃と脅威推移 | P15: 脅威の有無 | Q15: エスブランド | R15: 月次
A16: 15 | B16: パフォーマンス監視 | C16: 死活監視（連続5xx） | D16: APIエラーログ | F16: Sentry notification when API error Uptime alarm when server is down | G16: 3ヶ月 | H16: セントリー | I16: Sentry -> 問題 | J16: 障害が発生した場合 | K16: CODIUM | L16: 月次 | M16: Trelloの報告カード | N16: システムから生成されるすべてのエラーログ | O16: 前月との発生件数の比較 | P16: 前月との発生件 | Q16: エスブランド | R16: 月次
A17: 16 | B17: ログ監視 | C17: 通常監視 | D17: VPCフローログ | G17: 3ヶ月 | H17: CloudWatchログ | I17: AWS コンソール → CloudWatch → ロググループ | J17: 障害が発生した場合 | K17: CODIUM | L17: 月次 | M17: Trelloの報告カード | N17: すべてのネットワークログはシステムVPC内で発生を検知 | O17: 発生状況の確認 | P17: １,予期せぬ通信環境の有無 ２、大きな通信、集中した異常通信の有無 ３、想定外のアウトバウンド通信の有無 | Q17: エスブランド | R17: 月次
A18: 17 | B18: ログ監視 | C18: 通常監視 | D18: セッションマネージャーのアクセスログ | F18: Email notification when session manager is accessed | G18: セッションマネージャー（1か月） Cloudwatch（3か月） | H18: セッションマネージャーコンソール CloudWatch Logs | I18: AWS コンソール → CloudWatch → ロググループ AWS コンソール → セッションマネージャー → セッション履歴 | J18: 障害が発生した場合 | K18: CODIUM | L18: 月次 | M18: Trelloの報告カード | N18: セッションマネージャーを使用してデータベースに接続する履歴 | O18: 実施申請との比較 | P18: トレロ申請とデータベースアクセスの整合を取る | Q18: エスブランド | R18: 月次
A19: 18 | B19: パフォーマンス監視 | C19: 通常監視 | D19: サービスの Cloudwatch メトリクス ログ | G19: 15ヶ月 | H19: クラウドウォッチ | I19: AWS コンソール → CloudWatch → すべてのメトリクス | J19: 障害が発生した場合 | K19: CODIUM | L19: 月次 | M19: Trelloの報告カード | N19: すべての AWS サービス (ECS、ALB、RDS) のリソースデータを監視するためのすべてのメトリクス | O19: アラート数の確認 | P19: 障害発生時の状況を確認 | Q19: エスブランド | R19: 月次
A20: 19 | B20: ログ監視 | C20: 通常監視 | D20: AWS config | G20: AWS Config (7 年) S3 (永久) | H20: AWS Config + S3（専用バケット） | I20: AWS コンソール → S3 -> aws-config- バケット | J20: 不正アクセスを調査する場合 | K20: CODIUM | L20: 月次 | M20: Trelloの報告カード | N20: AWS サービスの変更ログ | O20: ログ取得状況の確認 | P20: 内部アクセスの確認。 トレロ申請との生合成を確認 | Q20: エスブランド | R20: 月次
A21: 20 | B21: ログ監視 | C21: 通常監視 | D21: AWS セキュリティハブ | E21: （IAM S3 EC2 ECR ECS RDS ） 脅威、暴露、脆弱性、機関管理、機密データ | G21: 3ヶ月 | H21: セキュリティハブ | I21: AWS コンソール → セキュリティハブ -> 結果 | J21: 毎週のレビュー、重大な脆弱性の即時検出 | K21: CODIUM | L21: 週次 | M21: Trelloの報告カード | N21: AWS アカウント内のセキュリティ脅威検出結果 | O21: 脅威検出結果の推移と脅威の抽出 | P21: 脅威の検出譲許を確認し、対策を行う | Q21: エスブランド | R21: 月次
A22: 21 | B22: ログ監視 | C22: 通常監視 | D22: iPadアプリの操作ログ | G22: 1年 | H22: RDS（ビジネスDB）+S3 | I22: ETRCARS Web管理画面 | J22: ユーザー運用状況の確認 | K22: ENEOSトレーディンング | L22: アラート条件を検討中 | N22: ログイン / データ登録 / 見積作成 / 売上履歴入力（ユーザーID連携） | O22: 連続した500以上のダウンロード | P22: 1. 特定氏による検索 2.特定車種の検索 ３、個人名検索に頻度 | Q22: ETR
A23: 22 | B23: ログ監視 | C23: 通常監視 | D23: Web管理画面操作ログ | G23: ホット 90 日間 (RDS/CloudWatch)、コールド 12 か月 (S3) | H23: RDS + CloudWatch + S3 | I23: ETRCARS Web管理画面 | J23: ユーザー運用状況の確認 | K23: ENEOSトレーディンング | L23: アラート条件を検討中 | N23: 管理 UI における重要な操作/ビュー (ユーザー、相関 ID、差異) | O23: web画面でのアカウント作成 連続した500以上のダウンロード | P23: 1. 大量のデータの更新や削除、出力 2. 短時間での継続的なアクセス 3. 不正な操作パターン | Q23: ETR
A24: 23
A25: 24
A26: 25
A27: 26

Sheet 実施日管理（月）
E2: 2025年 | H2: 2026年 | T2: 2027年
B3: ログの種類 | E3: 10月 | F3: 11月 | G3: 12月 | H3: 1月 | I3: 2月 | J3: 3月 | K3: 4月 | L3: 5月 | M3: 6月 | N3: 7月 | O3: 8月 | P3: 9 月 | Q3: 10月 | R3: 11月 | S3: 12月 | T3: 1月 | U3: 2月 | V3: 3月
A4: 1 | B4: ALBアクセスログ | E4: {=INDEX('1'!$A:$A, 12 + COLUMN(B1)-COLUMN($B$1))} | F4: {=INDEX('1'!$A:$A, 12 + COLUMN(C1)-COLUMN($B$1))} | G4: {=INDEX('1'!$A:$A, 12 + COLUMN(D1)-COLUMN($B$1))} | H4: {=INDEX('1'!$A:$A, 12 + COLUMN(E1)-COLUMN($B$1))} | I4: {=INDEX('1'!$A:$A, 12 + COLUMN(F1)-COLUMN($B$1))} | J4: {=INDEX('1'!$A:$A, 12 + COLUMN(G1)-COLUMN($B$1))} | K4: {=INDEX('1'!$A:$A, 12 + COLUMN(H1)-COLUMN($B$1))} | L4: {=INDEX('1'!$A:$A, 12 + COLUMN(I1)-COLUMN($B$1))} | ... V4: {=INDEX('1'!$A:$A, 12 + COLUMN(S1)-COLUMN($B$1))}
A5: 2 | B5: ECSタスク実行ログ | E5: {=INDEX('2'!$A:$A, 12 + COLUMN(B2)-COLUMN($B$1))} | F5: {=INDEX('2'!$A:$A, 12 + COLUMN(C2)-COLUMN($B$1))} | G5: {=INDEX('2'!$A:$A, 12 + COLUMN(D2)-COLUMN($B$1))} | H5: {=INDEX('2'!$A:$A, 12 + COLUMN(E2)-COLUMN($B$1))} | I5: {=INDEX('2'!$A:$A, 12 + COLUMN(F2)-COLUMN($B$1))} | J5: {=INDEX('2'!$A:$A, 12 + COLUMN(G2)-COLUMN($B$1))} | K5: {=INDEX('2'!$A:$A, 12 + COLUMN(H2)-COLUMN($B$1))} | L5: {=INDEX('2'!$A:$A, 12 + COLUMN(I2)-COLUMN($B$1))} | ... V5: {=INDEX('2'!$A:$A, 12 + COLUMN(S2)-COLUMN($B$1))}
A6: 3 | B6: ECSデプロイイベント | E6: {=INDEX('3'!$A:$A, 12 + COLUMN(B3)-COLUMN($B$1))} | F6: {=INDEX('3'!$A:$A, 12 + COLUMN(C3)-COLUMN($B$1))} | G6: {=INDEX('3'!$A:$A, 12 + COLUMN(D3)-COLUMN($B$1))} | H6: {=INDEX('3'!$A:$A, 12 + COLUMN(E3)-COLUMN($B$1))} | I6: {=INDEX('3'!$A:$A, 12 + COLUMN(F3)-COLUMN($B$1))} | J6: {=INDEX('3'!$A:$A, 12 + COLUMN(G3)-COLUMN($B$1))} | K6: {=INDEX('3'!$A:$A, 12 + COLUMN(H3)-COLUMN($B$1))} | L6: {=INDEX('3'!$A:$A, 12 + COLUMN(I3)-COLUMN($B$1))} | ... V6: {=INDEX('3'!$A:$A, 12 + COLUMN(S3)-COLUMN($B$1))}
A7: 4 | B7: CloudWatchアラーム履歴 | E7: {=INDEX('4'!$A:$A, 12 + COLUMN(B4)-COLUMN($B$1))} | F7: {=INDEX('4'!$A:$A, 12 + COLUMN(C4)-COLUMN($B$1))} | G7: {=INDEX('4'!$A:$A, 12 + COLUMN(D4)-COLUMN($B$1))} | H7: {=INDEX('4'!$A:$A, 12 + COLUMN(E4)-COLUMN($B$1))} | I7: {=INDEX('4'!$A:$A, 12 + COLUMN(F4)-COLUMN($B$1))} | J7: {=INDEX('4'!$A:$A, 12 + COLUMN(G4)-COLUMN($B$1))} | K7: {=INDEX('4'!$A:$A, 12 + COLUMN(H4)-COLUMN($B$1))} | L7: {=INDEX('4'!$A:$A, 12 + COLUMN(I4)-COLUMN($B$1))} | ... V7: {=INDEX('4'!$A:$A, 12 + COLUMN(S4)-COLUMN($B$1))}
A8: 5 | B8: RDSエラーログ | E8: {=INDEX('5'!$A:$A, 12 + COLUMN(B5)-COLUMN($B$1))} | F8: {=INDEX('5'!$A:$A, 12 + COLUMN(C5)-COLUMN($B$1))} | G8: {=INDEX('5'!$A:$A, 12 + COLUMN(D5)-COLUMN($B$1))} | H8: {=INDEX('5'!$A:$A, 12 + COLUMN(E5)-COLUMN($B$1))} | I8: {=INDEX('5'!$A:$A, 12 + COLUMN(F5)-COLUMN($B$1))} | J8: {=INDEX('5'!$A:$A, 12 + COLUMN(G5)-COLUMN($B$1))} | K8: {=INDEX('5'!$A:$A, 12 + COLUMN(H5)-COLUMN($B$1))} | L8: {=INDEX('5'!$A:$A, 12 + COLUMN(I5)-COLUMN($B$1))} | ... V8: {=INDEX('5'!$A:$A, 12 + COLUMN(S5)-COLUMN($B$1))}
A9: 6 | B9: RDSイベントログ | E9: {=INDEX('6'!$A:$A, 12 + COLUMN(B6)-COLUMN($B$1))} | F9: {=INDEX('6'!$A:$A, 12 + COLUMN(C6)-COLUMN($B$1))} | G9: {=INDEX('6'!$A:$A, 12 + COLUMN(D6)-COLUMN($B$1))} | H9: {=INDEX('6'!$A:$A, 12 + COLUMN(E6)-COLUMN($B$1))} | I9: {=INDEX('6'!$A:$A, 12 + COLUMN(F6)-COLUMN($B$1))} | J9: {=INDEX('6'!$A:$A, 12 + COLUMN(G6)-COLUMN($B$1))} | K9: {=INDEX('6'!$A:$A, 12 + COLUMN(H6)-COLUMN($B$1))} | L9: {=INDEX('6'!$A:$A, 12 + COLUMN(I6)-COLUMN($B$1))} | ... V9: {=INDEX('6'!$A:$A, 12 + COLUMN(S6)-COLUMN($B$1))}
A10: 9 | B10: CloudTrailログ | E10: {=INDEX('9'!$A:$A, 12 + COLUMN(B7)-COLUMN($B$1))} | F10: {=INDEX('9'!$A:$A, 12 + COLUMN(C7)-COLUMN($B$1))} | G10: {=INDEX('9'!$A:$A, 12 + COLUMN(D7)-COLUMN($B$1))} | H10: {=INDEX('9'!$A:$A, 12 + COLUMN(E7)-COLUMN($B$1))} | I10: {=INDEX('9'!$A:$A, 12 + COLUMN(F7)-COLUMN($B$1))} | J10: {=INDEX('9'!$A:$A, 12 + COLUMN(G7)-COLUMN($B$1))} | K10: {=INDEX('9'!$A:$A, 12 + COLUMN(H7)-COLUMN($B$1))} | L10: {=INDEX('9'!$A:$A, 12 + COLUMN(I7)-COLUMN($B$1))} | ... V10: {=INDEX('9'!$A:$A, 12 + COLUMN(S7)-COLUMN($B$1))}
A11: 10 | B11: S3アクセスログ | E11: {=INDEX('10'!$A:$A, 12 + COLUMN(B8)-COLUMN($B$1))} | F11: {=INDEX('10'!$A:$A, 12 + COLUMN(C8)-COLUMN($B$1))} | G11: {=INDEX('10'!$A:$A, 12 + COLUMN(D8)-COLUMN($B$1))} | H11: {=INDEX('10'!$A:$A, 12 + COLUMN(E8)-COLUMN($B$1))} | I11: {=INDEX('10'!$A:$A, 12 + COLUMN(F8)-COLUMN($B$1))} | J11: {=INDEX('10'!$A:$A, 12 + COLUMN(G8)-COLUMN($B$1))} | K11: {=INDEX('10'!$A:$A, 12 + COLUMN(H8)-COLUMN($B$1))} | L11: {=INDEX('10'!$A:$A, 12 + COLUMN(I8)-COLUMN($B$1))} | ... V11: {=INDEX('10'!$A:$A, 12 + COLUMN(S8)-COLUMN($B$1))}
A12: 13 | B12: Cloudflareネットワークログ | E12: {=INDEX('11'!$A:$A, 12 + COLUMN(B9)-COLUMN($B$1))} | F12: {=INDEX('11'!$A:$A, 12 + COLUMN(C9)-COLUMN($B$1))} | G12: {=INDEX('11'!$A:$A, 12 + COLUMN(D9)-COLUMN($B$1))} | H12: {=INDEX('11'!$A:$A, 12 + COLUMN(E9)-COLUMN($B$1))} | I12: {=INDEX('11'!$A:$A, 12 + COLUMN(F9)-COLUMN($B$1))} | J12: {=INDEX('11'!$A:$A, 12 + COLUMN(G9)-COLUMN($B$1))} | K12: {=INDEX('11'!$A:$A, 12 + COLUMN(H9)-COLUMN($B$1))} | L12: {=INDEX('11'!$A:$A, 12 + COLUMN(I9)-COLUMN($B$1))} | ... V12: {=INDEX('11'!$A:$A, 12 + COLUMN(S9)-COLUMN($B$1))}
A13: 14 | B13: Cloudflare セキュリティ脅威ログ | E13: {=INDEX('14'!$A:$A, 12 + COLUMN(B10)-COLUMN($B$1))} | F13: {=INDEX('14'!$A:$A, 12 + COLUMN(C10)-COLUMN($B$1))} | G13: {=INDEX('14'!$A:$A, 12 + COLUMN(D10)-COLUMN($B$1))} | H13: {=INDEX('14'!$A:$A, 12 + COLUMN(E10)-COLUMN($B$1))} | I13: {=INDEX('14'!$A:$A, 12 + COLUMN(F10)-COLUMN($B$1))} | J13: {=INDEX('14'!$A:$A, 12 + COLUMN(G10)-COLUMN($B$1))} | K13: {=INDEX('14'!$A:$A, 12 + COLUMN(H10)-COLUMN($B$1))} | L13: {=INDEX('14'!$A:$A, 12 + COLUMN(I10)-COLUMN($B$1))} | ... V13: {=INDEX('14'!$A:$A, 12 + COLUMN(S10)-COLUMN($B$1))}
A14: 15 | B14: APIエラーログ | E14: {=INDEX('15'!$A:$A, 12 + COLUMN(B11)-COLUMN($B$1))} | F14: {=INDEX('15'!$A:$A, 12 + COLUMN(C11)-COLUMN($B$1))} | G14: {=INDEX('15'!$A:$A, 12 + COLUMN(D11)-COLUMN($B$1))} | H14: {=INDEX('15'!$A:$A, 12 + COLUMN(E11)-COLUMN($B$1))} | I14: {=INDEX('15'!$A:$A, 12 + COLUMN(F11)-COLUMN($B$1))} | J14: {=INDEX('15'!$A:$A, 12 + COLUMN(G11)-COLUMN($B$1))} | K14: {=INDEX('15'!$A:$A, 12 + COLUMN(H11)-COLUMN($B$1))} | L14: {=INDEX('15'!$A:$A, 12 + COLUMN(I11)-COLUMN($B$1))} | ... V14: {=INDEX('15'!$A:$A, 12 + COLUMN(S11)-COLUMN($B$1))}
A15: 16 | B15: VPCフローログ | E15: {=INDEX('16'!$A:$A, 12 + COLUMN(B12)-COLUMN($B$1))} | F15: {=INDEX('16'!$A:$A, 12 + COLUMN(C12)-COLUMN($B$1))} | G15: {=INDEX('16'!$A:$A, 12 + COLUMN(D12)-COLUMN($B$1))} | H15: {=INDEX('16'!$A:$A, 12 + COLUMN(E12)-COLUMN($B$1))} | I15: {=INDEX('16'!$A:$A, 12 + COLUMN(F12)-COLUMN($B$1))} | J15: {=INDEX('16'!$A:$A, 12 + COLUMN(G12)-COLUMN($B$1))} | K15: {=INDEX('16'!$A:$A, 12 + COLUMN(H12)-COLUMN($B$1))} | L15: {=INDEX('16'!$A:$A, 12 + COLUMN(I12)-COLUMN($B$1))} | ... V15: {=INDEX('16'!$A:$A, 12 + COLUMN(S12)-COLUMN($B$1))}
A16: 17 | B16: セッションマネージャーのアクセスログ | E16: {=INDEX('17'!$A:$A, 12 + COLUMN(B13)-COLUMN($B$1))} | F16: {=INDEX('17'!$A:$A, 12 + COLUMN(C13)-COLUMN($B$1))} | G16: {=INDEX('17'!$A:$A, 12 + COLUMN(D13)-COLUMN($B$1))} | H16: {=INDEX('17'!$A:$A, 12 + COLUMN(E13)-COLUMN($B$1))} | I16: {=INDEX('17'!$A:$A, 12 + COLUMN(F13)-COLUMN($B$1))} | J16: {=INDEX('17'!$A:$A, 12 + COLUMN(G13)-COLUMN($B$1))} | K16: {=INDEX('17'!$A:$A, 12 + COLUMN(H13)-COLUMN($B$1))} | L16: {=INDEX('17'!$A:$A, 12 + COLUMN(I13)-COLUMN($B$1))} | ... V16: {=INDEX('17'!$A:$A, 12 + COLUMN(S13)-COLUMN($B$1))}
A17: 18 | B17: サービスの Cloudwatch メトリクス ログ | E17: {=INDEX('18'!$A:$A, 12 + COLUMN(B14)-COLUMN($B$1))} | F17: {=INDEX('18'!$A:$A, 12 + COLUMN(C14)-COLUMN($B$1))} | G17: {=INDEX('18'!$A:$A, 12 + COLUMN(D14)-COLUMN($B$1))} | H17: {=INDEX('18'!$A:$A, 12 + COLUMN(E14)-COLUMN($B$1))} | I17: {=INDEX('18'!$A:$A, 12 + COLUMN(F14)-COLUMN($B$1))} | J17: {=INDEX('18'!$A:$A, 12 + COLUMN(G14)-COLUMN($B$1))} | K17: {=INDEX('18'!$A:$A, 12 + COLUMN(H14)-COLUMN($B$1))} | L17: {=INDEX('18'!$A:$A, 12 + COLUMN(I14)-COLUMN($B$1))} | ... V17: {=INDEX('18'!$A:$A, 12 + COLUMN(S14)-COLUMN($B$1))}
A18: 19 | B18: AWS config | E18: {=INDEX('19'!$A:$A, 12 + COLUMN(B15)-COLUMN($B$1))} | F18: {=INDEX('19'!$A:$A, 12 + COLUMN(C15)-COLUMN($B$1))} | G18: {=INDEX('19'!$A:$A, 12 + COLUMN(D15)-COLUMN($B$1))} | H18: {=INDEX('19'!$A:$A, 12 + COLUMN(E15)-COLUMN($B$1))} | I18: {=INDEX('19'!$A:$A, 12 + COLUMN(F15)-COLUMN($B$1))} | J18: {=INDEX('19'!$A:$A, 12 + COLUMN(G15)-COLUMN($B$1))} | K18: {=INDEX('19'!$A:$A, 12 + COLUMN(H15)-COLUMN($B$1))} | L18: {=INDEX('19'!$A:$A, 12 + COLUMN(I15)-COLUMN($B$1))} | ... V18: {=INDEX('19'!$A:$A, 12 + COLUMN(S15)-COLUMN($B$1))}
A20: 21 | B20: iPadアプリの操作ログ | E20: {=INDEX('21'!$A:$A, 12 + COLUMN(B17)-COLUMN($B$1))} | F20: {=INDEX('21'!$A:$A, 12 + COLUMN(C17)-COLUMN($B$1))} | G20: {=INDEX('21'!$A:$A, 12 + COLUMN(D17)-COLUMN($B$1))} | H20: {=INDEX('21'!$A:$A, 12 + COLUMN(E17)-COLUMN($B$1))} | I20: {=INDEX('21'!$A:$A, 12 + COLUMN(F17)-COLUMN($B$1))} | J20: {=INDEX('21'!$A:$A, 12 + COLUMN(G17)-COLUMN($B$1))} | K20: {=INDEX('21'!$A:$A, 12 + COLUMN(H17)-COLUMN($B$1))} | L20: {=INDEX('21'!$A:$A, 12 + COLUMN(I17)-COLUMN($B$1))} | ... V20: {=INDEX('21'!$A:$A, 12 + COLUMN(S17)-COLUMN($B$1))}
A21: 22 | B21: Web管理画面操作ログ | E21: {=INDEX('22'!$A:$A, 12 + COLUMN(B18)-COLUMN($B$1))} | F21: {=INDEX('22'!$A:$A, 12 + COLUMN(C18)-COLUMN($B$1))} | G21: {=INDEX('22'!$A:$A, 12 + COLUMN(D18)-COLUMN($B$1))} | H21: {=INDEX('22'!$A:$A, 12 + COLUMN(E18)-COLUMN($B$1))} | I21: {=INDEX('22'!$A:$A, 12 + COLUMN(F18)-COLUMN($B$1))} | J21: {=INDEX('22'!$A:$A, 12 + COLUMN(G18)-COLUMN($B$1))} | K21: {=INDEX('22'!$A:$A, 12 + COLUMN(H18)-COLUMN($B$1))} | L21: {=INDEX('22'!$A:$A, 12 + COLUMN(I18)-COLUMN($B$1))} | ... V21: {=INDEX('22'!$A:$A, 12 + COLUMN(S18)-COLUMN($B$1))}
A23: 23
A24: 24
A25: 25
A26: 26

Sheet 実施日管理（週）
E1: 2025年 | Q1: 2026年 | BM1: 2027年
A2: 週次 | E2: 10月 | I2: 11月 | M2: 12月 | Q2: 1月 | U2: 2月 | Y2: 3月 | AC2: 4月 | AG2: 5月 | AK2: 6月 | AO2: 7月 | AS2: 8月 | AW2: 9 月 | BA2: 10月 | BE2: 11月 | BI2: 12月 | BM2: 1月 | BQ2: 2月 | BU2: 3月
E3: 1W | F3: 2W | G3: 3W | H3: 4W | I3: 1W | J3: 2W | K3: 3W | L3: 4W | M3: 1W | N3: 2W | O3: 3W | P3: 4W | Q3: 1W | R3: 2W | S3: 3W | T3: 4W | U3: 1W | V3: 2W | W3: 3W | X3: 4W | Y3: 1W | Z3: 2W | AA3: 3W | AB3: 4W | AC3: 1W | AD3: 2W | AE3: 3W | AF3: 4W | AG3: 1W | AH3: 2W | AI3: 3W | AJ3: 4W | AK3: 1W | AL3: 2W | AM3: 3W | AN3: 4W | AO3: 1W | AP3: 2W | AQ3: 3W | AR3: 4W | AS3: 1W | AT3: 2W | AU3: 3W | AV3: 4W | AW3: 1W | AX3: 2W | AY3: 3W | AZ3: 4W | BA3: 1W | BB3: 2W | BC3: 3W | BD3: 4W | BE3: 1W | BF3: 2W | BG3: 3W | BH3: 4W | BI3: 1W | BJ3: 2W | BK3: 3W | BL3: 4W | BM3: 1W | BN3: 2W | BO3: 3W | BP3: 4W | BQ3: 1W | BR3: 2W | BS3: 3W | BT3: 4W | BU3: 1W | BV3: 2W | BW3: 3W | BX3: 4W
A4: 7 | B4: RDSスナップショット確認ログ | E4: {=INDEX('7'!$A:$A, 12 + COLUMN(B1)-COLUMN($B$1))} | F4: {=INDEX('7'!$A:$A, 12 + COLUMN(C1)-COLUMN($B$1))} | G4: {=INDEX('7'!$A:$A, 12 + COLUMN(D1)-COLUMN($B$1))} | H4: {=INDEX('7'!$A:$A, 12 + COLUMN(E1)-COLUMN($B$1))} | I4: {=INDEX('7'!$A:$A, 12 + COLUMN(F1)-COLUMN($B$1))} | J4: {=INDEX('7'!$A:$A, 12 + COLUMN(G1)-COLUMN($B$1))} | K4: {=INDEX('7'!$A:$A, 12 + COLUMN(H1)-COLUMN($B$1))} | L4: {=INDEX('7'!$A:$A, 12 + COLUMN(I1)-COLUMN($B$1))} | ... BX4: {=INDEX('7'!$A:$A, 12 + COLUMN(BU1)-COLUMN($B$1))}
A5: 8 | B5: RDS自動バックアップ確認ログ | E5: {=INDEX('8'!$A:$A, 12 + COLUMN(B2)-COLUMN($B$1))} | F5: {=INDEX('8'!$A:$A, 12 + COLUMN(C2)-COLUMN($B$1))} | G5: {=INDEX('8'!$A:$A, 12 + COLUMN(D2)-COLUMN($B$1))} | H5: {=INDEX('8'!$A:$A, 12 + COLUMN(E2)-COLUMN($B$1))} | I5: {=INDEX('8'!$A:$A, 12 + COLUMN(F2)-COLUMN($B$1))} | J5: {=INDEX('8'!$A:$A, 12 + COLUMN(G2)-COLUMN($B$1))} | K5: {=INDEX('8'!$A:$A, 12 + COLUMN(H2)-COLUMN($B$1))} | L5: {=INDEX('8'!$A:$A, 12 + COLUMN(I2)-COLUMN($B$1))} | ... BX5: {=INDEX('8'!$A:$A, 12 + COLUMN(BU2)-COLUMN($B$1))}
A6: 11 | B6: GuardDuty検出ログ | E6: {=INDEX('11'!$A:$A, 12 + COLUMN(B3)-COLUMN($B$1))} | F6: {=INDEX('11'!$A:$A, 12 + COLUMN(C3)-COLUMN($B$1))} | G6: {=INDEX('11'!$A:$A, 12 + COLUMN(D3)-COLUMN($B$1))} | H6: {=INDEX('11'!$A:$A, 12 + COLUMN(E3)-COLUMN($B$1))} | I6: {=INDEX('11'!$A:$A, 12 + COLUMN(F3)-COLUMN($B$1))} | J6: {=INDEX('11'!$A:$A, 12 + COLUMN(G3)-COLUMN($B$1))} | K6: {=INDEX('11'!$A:$A, 12 + COLUMN(H3)-COLUMN($B$1))} | L6: {=INDEX('11'!$A:$A, 12 + COLUMN(I3)-COLUMN($B$1))} | ... BX6: {=INDEX('11'!$A:$A, 12 + COLUMN(BU3)-COLUMN($B$1))}
A7: 12 | B7: AWS Inspector検出レポートログ | E7: {=INDEX('12'!$A:$A, 12 + COLUMN(B4)-COLUMN($B$1))} | F7: {=INDEX('12'!$A:$A, 12 + COLUMN(C4)-COLUMN($B$1))} | G7: {=INDEX('12'!$A:$A, 12 + COLUMN(D4)-COLUMN($B$1))} | H7: {=INDEX('12'!$A:$A, 12 + COLUMN(E4)-COLUMN($B$1))} | I7: {=INDEX('12'!$A:$A, 12 + COLUMN(F4)-COLUMN($B$1))} | J7: {=INDEX('12'!$A:$A, 12 + COLUMN(G4)-COLUMN($B$1))} | K7: {=INDEX('12'!$A:$A, 12 + COLUMN(H4)-COLUMN($B$1))} | L7: {=INDEX('12'!$A:$A, 12 + COLUMN(I4)-COLUMN($B$1))} | ... BX7: {=INDEX('12'!$A:$A, 12 + COLUMN(BU4)-COLUMN($B$1))}
A8: 20 | B8: AWS セキュリティハブ | E8: {=INDEX('20'!$A:$A, 12 + COLUMN(B5)-COLUMN($B$1))} | F8: {=INDEX('20'!$A:$A, 12 + COLUMN(C5)-COLUMN($B$1))} | G8: {=INDEX('20'!$A:$A, 12 + COLUMN(D5)-COLUMN($B$1))} | H8: {=INDEX('20'!$A:$A, 12 + COLUMN(E5)-COLUMN($B$1))} | I8: {=INDEX('20'!$A:$A, 12 + COLUMN(F5)-COLUMN($B$1))} | J8: {=INDEX('20'!$A:$A, 12 + COLUMN(G5)-COLUMN($B$1))} | K8: {=INDEX('20'!$A:$A, 12 + COLUMN(H5)-COLUMN($B$1))} | L8: {=INDEX('20'!$A:$A, 12 + COLUMN(I5)-COLUMN($B$1))} | ... BX8: {=INDEX('20'!$A:$A, 12 + COLUMN(BU5)-COLUMN($B$1))}

Sheet 01_ALBアクセスログ
A1: ログ管理チェック実施報告書
A3: 区分 | C3: ='ログ一覧(SB実施確認）'!D2
A4: チェック項目名 | C4: ='ログ一覧(SB実施確認）'!H2
A5: 実施頻度 | C5: ='ログ一覧(SB実施確認）'!L2
A6: 報告手段 | C6: Trello監査ボード
C8: 〇 | D8: 異常なし
C9: △ | D9: 一部あり
C10: × | D10: 重要
A11: 実施日 | B11: 実施者 | C11: 確認結果 （○/△/×） | D11: 発見事項 | E11: 詳細コメント（できるだけ詳しく記載） | F11: 原因仮説 | G11: 是正措置（対処） | H11: 再発防止策 | I11: 報告先 | J11: 報告日 | K11: TrelloカードURL | L11: 添付資料パス/リンク

Sheet 02_ECSタスク実行ログ
A1: ログ管理チェック実施報告書
A3: 区分 | C3: ='ログ一覧(SB実施確認）'!D3
A4: チェック項目名 | C4: ='ログ一覧(SB実施確認）'!H3
A5: 実施頻度 | C5: ='ログ一覧(SB実施確認）'!L3
A6: 報告手段 | C6: Trello監査ボード
C8: 〇 | D8: 異常なし
C9: △ | D9: 一部あり
C10: × | D10: 重要
A11: 実施日 | B11: 実施者 | C11: 確認結果 （○/△/×） | D11: 発見事項 | E11: 詳細コメント（できるだけ詳しく記載） | F11: 原因仮説 | G11: 是正措置（対処） | H11: 再発防止策 | I11: 報告先 | J11: 報告日 | K11: TrelloカードURL | L11: 添付資料パス/リンク

Sheet 03_ECSデプロイイベント
A1: ログ管理チェック実施報告書
A3: 区分 | C3: ='ログ一覧(SB実施確認）'!D4
A4: チェック項目名 | C4: ='ログ一覧(SB実施確認）'!H4
A5: 実施頻度 | C5: ='ログ一覧(SB実施確認）'!L4
A6: 報告手段 | C6: Trello監査ボード
C8: 〇 | D8: 異常なし
C9: △ | D9: 一部あり
C10: × | D10: 重要
A11: 実施日 | B11: 実施者 | C11: 確認結果 （○/△/×） | D11: 発見事項 | E11: 詳細コメント（できるだけ詳しく記載） | F11: 原因仮説 | G11: 是正措置（対処） | H11: 再発防止策 | I11: 報告先 | J11: 報告日 | K11: TrelloカードURL | L11: 添付資料パス/リンク

Sheet 04_CloudWatchアラーム履歴
A1: ログ管理チェック実施報告書
A3: 区分 | C3: ='ログ一覧(SB実施確認）'!D5
A4: チェック項目名 | C4: ='ログ一覧(SB実施確認）'!H5
A5: 実施頻度 | C5: ='ログ一覧(SB実施確認）'!L5
A6: 報告手段 | C6: Trello監査ボード
C8: 〇 | D8: 異常なし
C9: △ | D9: 一部あり
C10: × | D10: 重要
A11: 実施日 | B11: 実施者 | C11: 確認結果 （○/△/×） | D11: 発見事項 | E11: 詳細コメント（できるだけ詳しく記載） | F11: 原因仮説 | G11: 是正措置（対処） | H11: 再発防止策 | I11: 報告先 | J11: 報告日 | K11: TrelloカードURL | L11: 添付資料パス/リンク

Sheet 05_RDSエラーログ
A1: ログ管理チェック実施報告書
A3: 区分 | C3: ='ログ一覧(SB実施確認）'!D6
A4: チェック項目名 | C4: ='ログ一覧(SB実施確認）'!H6
A5: 実施頻度 | C5: ='ログ一覧(SB実施確認）'!L6
A6: 報告手段 | C6: Trello監査ボード
C8: 〇 | D8: 異常なし
C9: △ | D9: 一部あり
C10: × | D10: 重要
A11: 実施日 | B11: 実施者 | C11: 確認結果 （○/△/×） | D11: 発見事項 | E11: 詳細コメント（できるだけ詳しく記載） | F11: 原因仮説 | G11: 是正措置（対処） | H11: 再発防止策 | I11: 報告先 | J11: 報告日 | K11: TrelloカードURL | L11: 添付資料パス/リンク

Sheet 06_RDSイベントログ
A1: ログ管理チェック実施報告書
A3: 区分 | C3: ='ログ一覧(SB実施確認）'!D7
A4: チェック項目名 | C4: ='ログ一覧(SB実施確認）'!H7
A5: 実施頻度 | C5: ='ログ一覧(SB実施確認）'!L7
A6: 報告手段 | C6: Trello監査ボード
C8: 〇 | D8: 異常なし
C9: △ | D9: 一部あり
C10: × | D10: 重要
A11: 実施日 | B11: 実施者 | C11: 確認結果 （○/△/×） | D11: 発見事項 | E11: 詳細コメント（できるだけ詳しく記載） | F11: 原因仮説 | G11: 是正措置（対処） | H11: 再発防止策 | I11: 報告先 | J11: 報告日 | K11: TrelloカードURL | L11: 添付資料パス/リンク

Sheet 07_RDSスナップショット
A1: ログ管理チェック実施報告書
A3: 区分 | C3: ='ログ一覧(SB実施確認）'!D8
A4: チェック項目名 | C4: ='ログ一覧(SB実施確認）'!H8
A5: 実施頻度 | C5: ='ログ一覧(SB実施確認）'!L8
A6: 報告手段 | C6: Trello監査ボード
C8: 〇 | D8: 異常なし
C9: △ | D9: 一部あり
C10: × | D10: 重要
A11: 実施日 | B11: 実施者 | C11: 確認結果 （○/△/×） | D11: 発見事項 | E11: 詳細コメント（できるだけ詳しく記載） | F11: 原因仮説 | G11: 是正措置（対処） | H11: 再発防止策 | I11: 報告先 | J11: 報告日 | K11: TrelloカードURL | L11: 添付資料パス/リンク

Sheet 08_RDS自動バックアップ
A1: ログ管理チェック実施報告書
A3: 区分 | C3: ='ログ一覧(SB実施確認）'!D9
A4: チェック項目名 | C4: ='ログ一覧(SB実施確認）'!H9
A5: 実施頻度 | C5: ='ログ一覧(SB実施確認）'!L9
A6: 報告手段 | C6: Trello監査ボード
C8: 〇 | D8: 異常なし
C9: △ | D9: 一部あり
C10: × | D10: 重要
A11: 実施日 | B11: 実施者 | C11: 確認結果 （○/△/×） | D11: 発見事項 | E11: 詳細コメント（できるだけ詳しく記載） | F11: 原因仮説 | G11: 是正措置（対処） | H11: 再発防止策 | I11: 報告先 | J11: 報告日 | K11: TrelloカードURL | L11: 添付資料パス/リンク

Sheet 09_CloudTrail
A1: ログ管理チェック実施報告書
A3: 区分 | C3: ='ログ一覧(SB実施確認）'!D10
A4: チェック項目名 | C4: ='ログ一覧(SB実施確認）'!H10
A5: 実施頻度 | C5: ='ログ一覧(SB実施確認）'!L10
A6: 報告手段 | C6: Trello監査ボード
C8: 〇 | D8: 異常なし
C9: △ | D9: 一部あり
C10: × | D10: 重要
A11: 実施日 | B11: 実施者 | C11: 確認結果 （○/△/×） | D11: 発見事項 | E11: 詳細コメント（できるだけ詳しく記載） | F11: 原因仮説 | G11: 是正措置（対処） | H11: 再発防止策 | I11: 報告先 | J11: 報告日 | K11: TrelloカードURL | L11: 添付資料パス/リンク

Sheet 10_S3アクセスログ
A1: ログ管理チェック実施報告書
A3: 区分 | C3: ='ログ一覧(SB実施確認）'!D11
A4: チェック項目名 | C4: ='ログ一覧(SB実施確認）'!H12
A5: 実施頻度 | C5: ='ログ一覧(SB実施確認）'!L13
A6: 報告手段 | C6: Trello監査ボード
C8: 〇 | D8: 異常なし
C9: △ | D9: 一部あり
C10: × | D10: 重要
A11: 実施日 | B11: 実施者 | C11: 確認結果 （○/△/×） | D11: 発見事項 | E11: 詳細コメント（できるだけ詳しく記載） | F11: 原因仮説 | G11: 是正措置（対処） | H11: 再発防止策 | I11: 報告先 | J11: 報告日 | K11: TrelloカードURL | L11: 添付資料パス/リンク

Sheet 11_GuardDuty
A1: ログ管理チェック実施報告書
A3: 区分 | C3: ='ログ一覧(SB実施確認）'!D12
A4: チェック項目名 | C4: ='ログ一覧(SB実施確認）'!H12
A5: 実施頻度 | C5: ='ログ一覧(SB実施確認）'!L12
A6: 報告手段 | C6: Trello監査ボード
C8: 〇 | D8: 異常なし
C9: △ | D9: 一部あり
C10: × | D10: 重要
A11: 実施日 | B11: 実施者 | C11: 確認結果 （○/△/×） | D11: 発見事項 | E11: 詳細コメント（できるだけ詳しく記載） | F11: 原因仮説 | G11: 是正措置（対処） | H11: 再発防止策 | I11: 報告先 | J11: 報告日 | K11: TrelloカードURL | L11: 添付資料パス/リンク

Sheet 12_AWS Inspector
A1: ログ管理チェック実施報告書
A3: 区分 | C3: ='ログ一覧(SB実施確認）'!D13
A4: チェック項目名 | C4: ='ログ一覧(SB実施確認）'!H13
A5: 実施頻度 | C5: ='ログ一覧(SB実施確認）'!L13
A6: 報告手段 | C6: Trello監査ボード
C8: 〇 | D8: 異常なし
C9: △ | D9: 一部あり
C10: × | D10: 重要
A11: 実施日 | B11: 実施者 | C11: 確認結果 （○/△/×） | D11: 発見事項 | E11: 詳細コメント（できるだけ詳しく記載） | F11: 原因仮説 | G11: 是正措置（対処） | H11: 再発防止策 | I11: 報告先 | J11: 報告日 | K11: TrelloカードURL | L11: 添付資料パス/リンク

Sheet 13_Cloudflareネットワーク
A1: ログ管理チェック実施報告書
A3: 区分 | C3: ='ログ一覧(SB実施確認）'!D14
A4: チェック項目名 | C4: ='ログ一覧(SB実施確認）'!H14
A5: 実施頻度 | C5: ='ログ一覧(SB実施確認）'!L14
A6: 報告手段 | C6: Trello監査ボード
C8: 〇 | D8: 異常なし
C9: △ | D9: 一部あり
C10: × | D10: 重要
A11: 実施日 | B11: 実施者 | C11: 確認結果 （○/△/×） | D11: 発見事項 | E11: 詳細コメント（できるだけ詳しく記載） | F11: 原因仮説 | G11: 是正措置（対処） | H11: 再発防止策 | I11: 報告先 | J11: 報告日 | K11: TrelloカードURL | L11: 添付資料パス/リンク

Sheet 14_Cloudflareセキュリティ
A1: ログ管理チェック実施報告書
A3: 区分 | C3: ='ログ一覧(SB実施確認）'!D15
A4: チェック項目名 | C4: ='ログ一覧(SB実施確認）'!H15
A5: 実施頻度 | C5: ='ログ一覧(SB実施確認）'!L15
A6: 報告手段 | C6: Trello監査ボード
C8: 〇 | D8: 異常なし
C9: △ | D9: 一部あり
C10: × | D10: 重要
A11: 実施日 | B11: 実施者 | C11: 確認結果 （○/△/×） | D11: 発見事項 | E11: 詳細コメント（できるだけ詳しく記載） | F11: 原因仮説 | G11: 是正措置（対処） | H11: 再発防止策 | I11: 報告先 | J11: 報告日 | K11: TrelloカードURL | L11: 添付資料パス/リンク

Sheet 15_APIエラーログ
A1: ログ管理チェック実施報告書
A3: 区分 | C3: ='ログ一覧(SB実施確認）'!D16
A4: チェック項目名 | C4: ='ログ一覧(SB実施確認）'!H16
A5: 実施頻度 | C5: ='ログ一覧(SB実施確認）'!L16
A6: 報告手段 | C6: Trello監査ボード
C8: 〇 | D8: 異常なし
C9: △ | D9: 一部あり
C10: × | D10: 重要
A11: 実施日 | B11: 実施者 | C11: 確認結果 （○/△/×） | D11: 発見事項 | E11: 詳細コメント（できるだけ詳しく記載） | F11: 原因仮説 | G11: 是正措置（対処） | H11: 再発防止策 | I11: 報告先 | J11: 報告日 | K11: TrelloカードURL | L11: 添付資料パス/リンク

Sheet 16_VPCフローログ
A1: ログ管理チェック実施報告書
A3: 区分 | C3: ='ログ一覧(SB実施確認）'!D17
A4: チェック項目名 | C4: ='ログ一覧(SB実施確認）'!H17
A5: 実施頻度 | C5: ='ログ一覧(SB実施確認）'!L17
A6: 報告手段 | C6: Trello監査ボード
C8: 〇 | D8: 異常なし
C9: △ | D9: 一部あり
C10: × | D10: 重要
A11: 実施日 | B11: 実施者 | C11: 確認結果 （○/△/×） | D11: 発見事項 | E11: 詳細コメント（できるだけ詳しく記載） | F11: 原因仮説 | G11: 是正措置（対処） | H11: 再発防止策 | I11: 報告先 | J11: 報告日 | K11: TrelloカードURL | L11: 添付資料パス/リンク

Sheet 17_セッションマネージャー
A1: ログ管理チェック実施報告書
A3: 区分 | C3: ='ログ一覧(SB実施確認）'!D18
A4: チェック項目名 | C4: ='ログ一覧(SB実施確認）'!H18
A5: 実施頻度 | C5: ='ログ一覧(SB実施確認）'!L18
A6: 報告手段 | C6: Trello監査ボード
C8: 〇 | D8: 異常なし
C9: △ | D9: 一部あり
C10: × | D10: 重要
A11: 実施日 | B11: 実施者 | C11: 確認結果 （○/△/×） | D11: 発見事項 | E11: 詳細コメント（できるだけ詳しく記載） | F11: 原因仮説 | G11: 是正措置（対処） | H11: 再発防止策 | I11: 報告先 | J11: 報告日 | K11: TrelloカードURL | L11: 添付資料パス/リンク

Sheet 18_CloudWatchメトリクス
A1: ログ管理チェック実施報告書
A3: 区分 | C3: ='ログ一覧(SB実施確認）'!D19
A4: チェック項目名 | C4: ='ログ一覧(SB実施確認）'!H19
A5: 実施頻度 | C5: ='ログ一覧(SB実施確認）'!L19
A6: 報告手段 | C6: Trello監査ボード
C8: 〇 | D8: 異常なし
C9: △ | D9: 一部あり
C10: × | D10: 重要
A11: 実施日 | B11: 実施者 | C11: 確認結果 （○/△/×） | D11: 発見事項 | E11: 詳細コメント（できるだけ詳しく記載） | F11: 原因仮説 | G11: 是正措置（対処） | H11: 再発防止策 | I11: 報告先 | J11: 報告日 | K11: TrelloカードURL | L11: 添付資料パス/リンク

Sheet 19_AWS Config
A1: ログ管理チェック実施報告書
A3: 区分 | C3: ='ログ一覧(SB実施確認）'!D20
A4: チェック項目名 | C4: ='ログ一覧(SB実施確認）'!H20
A5: 実施頻度 | C5: ='ログ一覧(SB実施確認）'!L20
A6: 報告手段 | C6: Trello監査ボード
C8: 〇 | D8: 異常なし
C9: △ | D9: 一部あり
C10: × | D10: 重要
A11: 実施日 | B11: 実施者 | C11: 確認結果 （○/△/×） | D11: 発見事項 | E11: 詳細コメント（できるだけ詳しく記載） | F11: 原因仮説 | G11: 是正措置（対処） | H11: 再発防止策 | I11: 報告先 | J11: 報告日 | K11: TrelloカードURL | L11: 添付資料パス/リンク

Sheet 20_AWS Security Hub
A1: ログ管理チェック実施報告書
A3: 区分 | C3: ='ログ一覧(SB実施確認）'!D21
A4: チェック項目名 | C4: ='ログ一覧(SB実施確認）'!H21
A5: 実施頻度 | C5: ='ログ一覧(SB実施確認）'!L21
A6: 報告手段 | C6: Trello監査ボード
C8: 〇 | D8: 異常なし
C9: △ | D9: 一部あり
C10: × | D10: 重要
A11: 実施日 | B11: 実施者 | C11: 確認結果 （○/△/×） | D11: 発見事項 | E11: 詳細コメント（できるだけ詳しく記載） | F11: 原因仮説 | G11: 是正措置（対処） | H11: 再発防止策 | I11: 報告先 | J11: 報告日 | K11: TrelloカードURL | L11: 添付資料パス/リンク

Sheet 21_iPadアプリ操作ログ
A1: ログ管理チェック実施報告書
A3: 区分 | C3: ='ログ一覧(SB実施確認）'!D22
A4: チェック項目名 | C4: ='ログ一覧(SB実施確認）'!H22
A5: 実施頻度 | C5: ='ログ一覧(SB実施確認）'!L22
A6: 報告手段 | C6: Trello監査ボード
C8: 〇 | D8: 異常なし
C9: △ | D9: 一部あり
C10: × | D10: 重要
A11: 実施日 | B11: 実施者 | C11: 確認結果 （○/△/×） | D11: 発見事項 | E11: 詳細コメント（できるだけ詳しく記載） | F11: 原因仮説 | G11: 是正措置（対処） | H11: 再発防止策 | I11: 報告先 | J11: 報告日 | K11: TrelloカードURL | L11: 添付資料パス/リンク

Sheet 22_Web管理画面操作ログ
A1: ログ管理チェック実施報告書
A3: 区分 | C3: ='ログ一覧(SB実施確認）'!D23
A4: チェック項目名 | C4: ='ログ一覧(SB実施確認）'!H23
A5: 実施頻度 | C5: ='ログ一覧(SB実施確認）'!L23
A6: 報告手段 | C6: Trello監査ボード
C8: 〇 | D8: 異常なし
C9: △ | D9: 一部あり
C10: × | D10: 重要
A11: 実施日 | B11: 実施者 | C11: 確認結果 （○/△/×） | D11: 発見事項 | E11: 詳細コメント（できるだけ詳しく記載） | F11: 原因仮説 | G11: 是正措置（対処） | H11: 再発防止策 | I11: 報告先 | J11: 報告日 | K11: TrelloカードURL | L11: 添付資料パス/リンク

Sheet 23_予備
A1: ログ管理チェック実施報告書
A3: 区分 | C3: ='ログ一覧(SB実施確認）'!D24
A4: チェック項目名 | C4: ='ログ一覧(SB実施確認）'!H24
A5: 実施頻度 | C5: ='ログ一覧(SB実施確認）'!L24
A6: 報告手段 | C6: Trello監査ボード
C8: 〇 | D8: 異常なし
C9: △ | D9: 一部あり
C10: × | D10: 重要
A11: 実施日 | B11: 実施者 | C11: 確認結果 （○/△/×） | D11: 発見事項 | E11: 詳細コメント（できるだけ詳しく記載） | F11: 原因仮説 | G11: 是正措置（対処） | H11: 再発防止策 | I11: 報告先 | J11: 報告日 | K11: TrelloカードURL | L11: 添付資料パス/リンク

Sheet 24_予備
A1: ログ管理チェック実施報告書
A3: 区分 | C3: ='ログ一覧(SB実施確認）'!D25
A4: チェック項目名 | C4: ='ログ一覧(SB実施確認）'!H25
A5: 実施頻度 | C5: ='ログ一覧(SB実施確認）'!L25
A6: 報告手段 | C6: Trello監査ボード
C8: 〇 | D8: 異常なし
C9: △ | D9: 一部あり
C10: × | D10: 重要
A11: 実施日 | B11: 実施者 | C11: 確認結果 （○/△/×） | D11: 発見事項 | E11: 詳細コメント（できるだけ詳しく記載） | F11: 原因仮説 | G11: 是正措置（対処） | H11: 再発防止策 | I11: 報告先 | J11: 報告日 | K11: TrelloカードURL | L11: 添付資料パス/リンク

Sheet 25_予備
A1: ログ管理チェック実施報告書
A3: 区分 | C3: ='ログ一覧(SB実施確認）'!D26
A4: チェック項目名 | C4: ='ログ一覧(SB実施確認）'!H26
A5: 実施頻度 | C5: ='ログ一覧(SB実施確認）'!L26
A6: 報告手段 | C6: Trello監査ボード
C8: 〇 | D8: 異常なし
C9: △ | D9: 一部あり
C10: × | D10: 重要
A11: 実施日 | B11: 実施者 | C11: 確認結果 （○/△/×） | D11: 発見事項 | E11: 詳細コメント（できるだけ詳しく記載） | F11: 原因仮説 | G11: 是正措置（対処） | H11: 再発防止策 | I11: 報告先 | J11: 報告日 | K11: TrelloカードURL | L11: 添付資料パス/リンク

Sheet 26_予備
A1: ログ管理チェック実施報告書
A3: 区分 | C3: ='ログ一覧(SB実施確認）'!D27
A4: チェック項目名 | C4: ='ログ一覧(SB実施確認）'!H27
A5: 実施頻度 | C5: ='ログ一覧(SB実施確認）'!L27
A6: 報告手段 | C6: Trello監査ボード
C8: 〇 | D8: 異常なし
C9: △ | D9: 一部あり
C10: × | D10: 重要
A11: 実施日 | B11: 実施者 | C11: 確認結果 （○/△/×） | D11: 発見事項 | E11: 詳細コメント（できるだけ詳しく記載） | F11: 原因仮説 | G11: 是正措置（対処） | H11: 再発防止策 | I11: 報告先 | J11: 報告日 | K11: TrelloカードURL | L11: 添付資料パス/リンク

Sheet Sheet1
B3: 〇 | C3: P1
B4: △ | C4: P2
B5: × | C5: P3
